OrderID,DeliveryCompanyID,DeliveryFee,DeliveryAddress,City,State,PostCode,ScheduledDeliveryDate,DistanceBand
O00013,DC008,12.15,No. 123 Jalan Ampang,Kuala Lumpur,Kuala Lumpur,50000,2024-01-05,10-20km
O00046,DC008,7.25,No. 123 Jalan Ampang,Kuala Lumpur,Kuala Lumpur,50000,2024-01-10,5-10km
O00039,DC001,22.8,No. 123 Jalan Ampang,Kuala Lumpur,Kuala Lumpur,50000,2024-01-12,10-20km
O00043,DC008,11.35,No. 123 Jalan Ampang,Kuala Lumpur,Kuala Lumpur,50000,2024-01-22,10-20km
O00031,DC005,14.8,No. 123 Jalan Ampang,Kuala Lumpur,Kuala Lumpur,50000,2024-01-29,10-20km
O00025,DC003,18.64,No. 123 Jalan Ampang,Kuala Lumpur,Kuala Lumpur,50000,2024-01-31,10-20km
O00079,DC004,18.24,No. 123 Jalan Ampang,Kuala Lumpur,Kuala Lumpur,50000,2024-02-06,10-20km
O00097,DC002,19.2,No. 123 Jalan Ampang,Kuala Lumpur,Kuala Lumpur,50000,2024-02-10,5-10km
O00109,DC006,8.56,No. 123 Jalan Ampang,Kuala Lumpur,Kuala Lumpur,50000,2024-02-17,0-5km
O00124,DC001,26.2,No. 123 Jalan Ampang,Kuala Lumpur,Kuala Lumpur,50000,2024-03-02,10-20km
O00138,DC007,6.3,No. 123 Jalan Ampang,Kuala Lumpur,Kuala Lumpur,50000,2024-03-03,0-5km
O00129,DC001,21.2,No. 123 Jalan Ampang,Kuala Lumpur,Kuala Lumpur,50000,2024-03-19,10-20km
O00159,DC001,19.2,No. 123 Jalan Ampang,Kuala Lumpur,Kuala Lumpur,50000,2024-03-22,5-10km
O00125,DC002,25.2,No. 123 Jalan Ampang,Kuala Lumpur,Kuala Lumpur,50000,2024-03-28,10-20km
O00147,DC002,12.8,No. 123 Jalan Ampang,Kuala Lumpur,Kuala Lumpur,50000,2024-03-29,0-5km
O00137,DC006,14.64,No. 123 Jalan Ampang,Kuala Lumpur,Kuala Lumpur,50000,2024-03-29,10-20km
O00179,DC005,12.56,No. 123 Jalan Ampang,Kuala Lumpur,Kuala Lumpur,50000,2024-04-03,5-10km
O00202,DC006,14.32,No. 123 Jalan Ampang,Kuala Lumpur,Kuala Lumpur,50000,2024-04-04,10-20km
O00229,DC002,24.9,No. 123 Jalan Ampang,Kuala Lumpur,Kuala Lumpur,50000,2024-04-07,10-20km
O00170,DC007,6.25,No. 123 Jalan Ampang,Kuala Lumpur,Kuala Lumpur,50000,2024-04-07,0-5km
O00200,DC006,9.76,No. 123 Jalan Ampang,Kuala Lumpur,Kuala Lumpur,50000,2024-04-13,0-5km
O00191,DC002,22.7,No. 123 Jalan Ampang,Kuala Lumpur,Kuala Lumpur,50000,2024-04-14,10-20km
O00168,DC008,6.0,No. 123 Jalan Ampang,Kuala Lumpur,Kuala Lumpur,50000,2024-04-19,0-5km
O00186,DC005,9.6,No. 123 Jalan Ampang,Kuala Lumpur,Kuala Lumpur,50000,2024-04-20,0-5km
O00176,DC006,14.16,No. 123 Jalan Ampang,Kuala Lumpur,Kuala Lumpur,50000,2024-04-24,10-20km
O00231,DC008,10.3,No. 123 Jalan Ampang,Kuala Lumpur,Kuala Lumpur,50000,2024-04-27,10-20km
O00209,DC003,15.2,No. 123 Jalan Ampang,Kuala Lumpur,Kuala Lumpur,50000,2024-04-28,10-20km
O00234,DC003,17.28,No. 123 Jalan Ampang,Kuala Lumpur,Kuala Lumpur,50000,2024-05-04,10-20km
O00264,DC003,20.0,No. 123 Jalan Ampang,Kuala Lumpur,Kuala Lumpur,50000,2024-05-04,10-20km
O00282,DC001,16.0,No. 123 Jalan Ampang,Kuala Lumpur,Kuala Lumpur,50000,2024-05-05,5-10km
O00278,DC004,12.64,No. 123 Jalan Ampang,Kuala Lumpur,Kuala Lumpur,50000,2024-05-15,5-10km
O00253,DC010,7.1,No. 123 Jalan Ampang,Kuala Lumpur,Kuala Lumpur,50000,2024-05-16,0-5km
O00251,DC008,7.8,No. 123 Jalan Ampang,Kuala Lumpur,Kuala Lumpur,50000,2024-05-17,5-10km
O00233,DC003,8.0,No. 123 Jalan Ampang,Kuala Lumpur,Kuala Lumpur,50000,2024-05-18,0-5km
O00279,DC006,12.4,No. 123 Jalan Ampang,Kuala Lumpur,Kuala Lumpur,50000,2024-05-26,5-10km
O00237,DC004,17.92,No. 123 Jalan Ampang,Kuala Lumpur,Kuala Lumpur,50000,2024-05-27,10-20km
O00245,DC001,25.8,No. 123 Jalan Ampang,Kuala Lumpur,Kuala Lumpur,50000,2024-05-27,10-20km
O00242,DC003,19.12,No. 123 Jalan Ampang,Kuala Lumpur,Kuala Lumpur,50000,2024-05-31,10-20km
O00331,DC003,13.92,No. 123 Jalan Ampang,Kuala Lumpur,Kuala Lumpur,50000,2024-06-05,5-10km
O00322,DC008,6.6,No. 123 Jalan Ampang,Kuala Lumpur,Kuala Lumpur,50000,2024-06-10,5-10km
O00312,DC005,12.88,No. 123 Jalan Ampang,Kuala Lumpur,Kuala Lumpur,50000,2024-06-11,5-10km
O00327,DC008,8.85,No. 123 Jalan Ampang,Kuala Lumpur,Kuala Lumpur,50000,2024-06-17,5-10km
O00337,DC009,9.48,No. 123 Jalan Ampang,Kuala Lumpur,Kuala Lumpur,50000,2024-06-19,5-10km
O00333,DC009,7.45,No. 123 Jalan Ampang,Kuala Lumpur,Kuala Lumpur,50000,2024-06-19,0-5km
O00308,DC005,12.64,No. 123 Jalan Ampang,Kuala Lumpur,Kuala Lumpur,50000,2024-06-22,5-10km
O00302,DC009,12.56,No. 123 Jalan Ampang,Kuala Lumpur,Kuala Lumpur,50000,2024-06-27,10-20km
O00293,DC003,10.0,No. 123 Jalan Ampang,Kuala Lumpur,Kuala Lumpur,50000,2024-06-27,0-5km
O00324,DC006,15.52,No. 123 Jalan Ampang,Kuala Lumpur,Kuala Lumpur,50000,2024-06-28,10-20km
O00399,DC003,18.16,No. 123 Jalan Ampang,Kuala Lumpur,Kuala Lumpur,50000,2024-07-14,10-20km
O00371,DC001,26.4,No. 123 Jalan Ampang,Kuala Lumpur,Kuala Lumpur,50000,2024-07-15,10-20km
O00353,DC010,15.26,No. 123 Jalan Ampang,Kuala Lumpur,Kuala Lumpur,50000,2024-07-17,10-20km
O00354,DC004,15.76,No. 123 Jalan Ampang,Kuala Lumpur,Kuala Lumpur,50000,2024-07-21,10-20km
O00356,DC007,5.8,No. 123 Jalan Ampang,Kuala Lumpur,Kuala Lumpur,50000,2024-07-22,0-5km
O00355,DC004,13.36,No. 123 Jalan Ampang,Kuala Lumpur,Kuala Lumpur,50000,2024-07-23,5-10km
O00366,DC010,10.52,No. 123 Jalan Ampang,Kuala Lumpur,Kuala Lumpur,50000,2024-07-28,5-10km
O00413,DC008,10.05,No. 123 Jalan Ampang,Kuala Lumpur,Kuala Lumpur,50000,2024-08-12,10-20km
O00450,DC004,12.88,No. 123 Jalan Ampang,Kuala Lumpur,Kuala Lumpur,50000,2024-08-16,5-10km
O00426,DC004,16.88,No. 123 Jalan Ampang,Kuala Lumpur,Kuala Lumpur,50000,2024-08-17,10-20km
O00414,DC003,9.68,No. 123 Jalan Ampang,Kuala Lumpur,Kuala Lumpur,50000,2024-08-21,0-5km
O00441,DC008,11.95,No. 123 Jalan Ampang,Kuala Lumpur,Kuala Lumpur,50000,2024-08-25,10-20km
O00416,DC001,17.4,No. 123 Jalan Ampang,Kuala Lumpur,Kuala Lumpur,50000,2024-08-26,5-10km
O00438,DC005,18.4,No. 123 Jalan Ampang,Kuala Lumpur,Kuala Lumpur,50000,2024-08-28,10-20km
O00439,DC005,13.92,No. 123 Jalan Ampang,Kuala Lumpur,Kuala Lumpur,50000,2024-09-01,5-10km
O00493,DC002,21.0,No. 123 Jalan Ampang,Kuala Lumpur,Kuala Lumpur,50000,2024-09-13,10-20km
O00501,DC004,18.24,No. 123 Jalan Ampang,Kuala Lumpur,Kuala Lumpur,50000,2024-09-18,10-20km
O00496,DC006,12.88,No. 123 Jalan Ampang,Kuala Lumpur,Kuala Lumpur,50000,2024-09-28,5-10km
O00471,DC007,5.5,No. 123 Jalan Ampang,Kuala Lumpur,Kuala Lumpur,50000,2024-09-30,0-5km
O00561,DC008,11.5,No. 123 Jalan Ampang,Kuala Lumpur,Kuala Lumpur,50000,2024-10-04,10-20km
O00550,DC009,12.56,No. 123 Jalan Ampang,Kuala Lumpur,Kuala Lumpur,50000,2024-10-07,10-20km
O00547,DC007,9.8,No. 123 Jalan Ampang,Kuala Lumpur,Kuala Lumpur,50000,2024-10-11,10-20km
O00562,DC001,26.4,No. 123 Jalan Ampang,Kuala Lumpur,Kuala Lumpur,50000,2024-10-13,10-20km
O00516,DC008,9.95,No. 123 Jalan Ampang,Kuala Lumpur,Kuala Lumpur,50000,2024-10-19,10-20km
O00566,DC009,14.94,No. 123 Jalan Ampang,Kuala Lumpur,Kuala Lumpur,50000,2024-10-25,10-20km
O00567,DC007,11.25,No. 123 Jalan Ampang,Kuala Lumpur,Kuala Lumpur,50000,2024-10-27,10-20km
O00552,DC007,12.8,No. 123 Jalan Ampang,Kuala Lumpur,Kuala Lumpur,50000,2024-10-29,10-20km
O00628,DC001,25.9,No. 123 Jalan Ampang,Kuala Lumpur,Kuala Lumpur,50000,2024-11-03,10-20km
O00623,DC008,9.05,No. 123 Jalan Ampang,Kuala Lumpur,Kuala Lumpur,50000,2024-11-11,10-20km
O00593,DC008,6.25,No. 123 Jalan Ampang,Kuala Lumpur,Kuala Lumpur,50000,2024-11-17,0-5km
O00624,DC006,9.04,No. 123 Jalan Ampang,Kuala Lumpur,Kuala Lumpur,50000,2024-11-26,0-5km
O00617,DC008,12.55,No. 123 Jalan Ampang,Kuala Lumpur,Kuala Lumpur,50000,2024-11-26,10-20km
O00633,DC010,10.76,No. 123 Jalan Ampang,Kuala Lumpur,Kuala Lumpur,50000,2024-11-28,5-10km
O00619,DC004,11.04,No. 123 Jalan Ampang,Kuala Lumpur,Kuala Lumpur,50000,2024-12-01,5-10km
O00720,DC010,14.48,No. 123 Jalan Ampang,Kuala Lumpur,Kuala Lumpur,50000,2024-12-15,10-20km
O00717,DC010,14.36,No. 123 Jalan Ampang,Kuala Lumpur,Kuala Lumpur,50000,2024-12-25,10-20km
O00664,DC004,17.12,No. 123 Jalan Ampang,Kuala Lumpur,Kuala Lumpur,50000,2024-12-28,10-20km
O00699,DC008,6.0,No. 123 Jalan Ampang,Kuala Lumpur,Kuala Lumpur,50000,2024-12-30,0-5km
O00723,DC002,17.2,No. 123 Jalan Ampang,Kuala Lumpur,Kuala Lumpur,50000,2025-01-14,5-10km
O00747,DC004,11.2,No. 123 Jalan Ampang,Kuala Lumpur,Kuala Lumpur,50000,2025-01-17,5-10km
O00731,DC001,22.4,No. 123 Jalan Ampang,Kuala Lumpur,Kuala Lumpur,50000,2025-01-21,10-20km
O00738,DC006,14.16,No. 123 Jalan Ampang,Kuala Lumpur,Kuala Lumpur,50000,2025-01-25,10-20km
O00751,DC005,14.4,No. 123 Jalan Ampang,Kuala Lumpur,Kuala Lumpur,50000,2025-01-26,10-20km
O00822,DC001,14.8,No. 123 Jalan Ampang,Kuala Lumpur,Kuala Lumpur,50000,2025-02-03,0-5km
O00818,DC001,24.7,No. 123 Jalan Ampang,Kuala Lumpur,Kuala Lumpur,50000,2025-02-06,10-20km
O00812,DC001,26.0,No. 123 Jalan Ampang,Kuala Lumpur,Kuala Lumpur,50000,2025-02-06,10-20km
O00843,DC010,13.4,No. 123 Jalan Ampang,Kuala Lumpur,Kuala Lumpur,50000,2025-02-07,10-20km
O00856,DC008,5.85,No. 123 Jalan Ampang,Kuala Lumpur,Kuala Lumpur,50000,2025-02-10,0-5km
O00838,DC002,20.5,No. 123 Jalan Ampang,Kuala Lumpur,Kuala Lumpur,50000,2025-02-10,10-20km
O00847,DC001,13.1,No. 123 Jalan Ampang,Kuala Lumpur,Kuala Lumpur,50000,2025-02-10,0-5km
O00844,DC010,6.74,No. 123 Jalan Ampang,Kuala Lumpur,Kuala Lumpur,50000,2025-02-11,0-5km
O00862,DC007,12.2,No. 123 Jalan Ampang,Kuala Lumpur,Kuala Lumpur,50000,2025-02-18,10-20km
O00836,DC008,12.0,No. 123 Jalan Ampang,Kuala Lumpur,Kuala Lumpur,50000,2025-02-20,10-20km
O00790,DC007,8.35,No. 123 Jalan Ampang,Kuala Lumpur,Kuala Lumpur,50000,2025-02-22,5-10km
O00850,DC006,8.0,No. 123 Jalan Ampang,Kuala Lumpur,Kuala Lumpur,50000,2025-02-24,0-5km
O00808,DC007,5.35,No. 123 Jalan Ampang,Kuala Lumpur,Kuala Lumpur,50000,2025-02-24,0-5km
O00817,DC008,12.8,No. 123 Jalan Ampang,Kuala Lumpur,Kuala Lumpur,50000,2025-02-26,10-20km
O00789,DC007,12.9,No. 123 Jalan Ampang,Kuala Lumpur,Kuala Lumpur,50000,2025-03-01,10-20km
O00787,DC006,14.16,No. 123 Jalan Ampang,Kuala Lumpur,Kuala Lumpur,50000,2025-03-01,10-20km
O00895,DC005,18.16,No. 123 Jalan Ampang,Kuala Lumpur,Kuala Lumpur,50000,2025-03-02,10-20km
O00914,DC008,7.9,No. 123 Jalan Ampang,Kuala Lumpur,Kuala Lumpur,50000,2025-03-03,5-10km
O00927,DC001,22.4,No. 123 Jalan Ampang,Kuala Lumpur,Kuala Lumpur,50000,2025-03-10,10-20km
O00929,DC003,10.64,No. 123 Jalan Ampang,Kuala Lumpur,Kuala Lumpur,50000,2025-03-10,5-10km
O00910,DC007,10.8,No. 123 Jalan Ampang,Kuala Lumpur,Kuala Lumpur,50000,2025-03-10,10-20km
O00867,DC006,7.76,No. 123 Jalan Ampang,Kuala Lumpur,Kuala Lumpur,50000,2025-03-14,0-5km
O00871,DC008,10.15,No. 123 Jalan Ampang,Kuala Lumpur,Kuala Lumpur,50000,2025-03-16,10-20km
O00911,DC004,16.96,No. 123 Jalan Ampang,Kuala Lumpur,Kuala Lumpur,50000,2025-03-20,10-20km
O00883,DC002,27.5,No. 123 Jalan Ampang,Kuala Lumpur,Kuala Lumpur,50000,2025-03-21,10-20km
O00887,DC007,12.7,No. 123 Jalan Ampang,Kuala Lumpur,Kuala Lumpur,50000,2025-03-23,10-20km
O00923,DC001,28.0,No. 123 Jalan Ampang,Kuala Lumpur,Kuala Lumpur,50000,2025-03-25,10-20km
O00930,DC008,8.8,No. 123 Jalan Ampang,Kuala Lumpur,Kuala Lumpur,50000,2025-03-26,5-10km
O00944,DC001,26.5,No. 123 Jalan Ampang,Kuala Lumpur,Kuala Lumpur,50000,2025-04-03,10-20km
O00945,DC003,9.28,No. 123 Jalan Ampang,Kuala Lumpur,Kuala Lumpur,50000,2025-04-05,0-5km
O01014,DC004,13.12,No. 123 Jalan Ampang,Kuala Lumpur,Kuala Lumpur,50000,2025-04-08,5-10km
O00965,DC008,12.2,No. 123 Jalan Ampang,Kuala Lumpur,Kuala Lumpur,50000,2025-04-08,10-20km
O01017,DC003,7.68,No. 123 Jalan Ampang,Kuala Lumpur,Kuala Lumpur,50000,2025-04-11,0-5km
O00952,DC004,11.36,No. 123 Jalan Ampang,Kuala Lumpur,Kuala Lumpur,50000,2025-04-12,5-10km
O00968,DC002,21.5,No. 123 Jalan Ampang,Kuala Lumpur,Kuala Lumpur,50000,2025-04-14,10-20km
O00992,DC003,17.6,No. 123 Jalan Ampang,Kuala Lumpur,Kuala Lumpur,50000,2025-04-14,10-20km
O00985,DC005,16.32,No. 123 Jalan Ampang,Kuala Lumpur,Kuala Lumpur,50000,2025-04-15,10-20km
O00972,DC001,22.5,No. 123 Jalan Ampang,Kuala Lumpur,Kuala Lumpur,50000,2025-04-17,10-20km
O00948,DC003,13.28,No. 123 Jalan Ampang,Kuala Lumpur,Kuala Lumpur,50000,2025-04-18,5-10km
O01013,DC003,17.68,No. 123 Jalan Ampang,Kuala Lumpur,Kuala Lumpur,50000,2025-04-18,10-20km
O00966,DC001,16.3,No. 123 Jalan Ampang,Kuala Lumpur,Kuala Lumpur,50000,2025-04-23,5-10km
O00982,DC008,11.2,No. 123 Jalan Ampang,Kuala Lumpur,Kuala Lumpur,50000,2025-04-23,10-20km
O01011,DC007,6.65,No. 123 Jalan Ampang,Kuala Lumpur,Kuala Lumpur,50000,2025-04-24,5-10km
O00977,DC005,17.28,No. 123 Jalan Ampang,Kuala Lumpur,Kuala Lumpur,50000,2025-04-24,10-20km
O00954,DC003,16.96,No. 123 Jalan Ampang,Kuala Lumpur,Kuala Lumpur,50000,2025-04-25,10-20km
O00988,DC003,11.2,No. 123 Jalan Ampang,Kuala Lumpur,Kuala Lumpur,50000,2025-04-26,5-10km
O01000,DC002,27.6,No. 123 Jalan Ampang,Kuala Lumpur,Kuala Lumpur,50000,2025-04-27,10-20km
O00979,DC008,8.3,No. 123 Jalan Ampang,Kuala Lumpur,Kuala Lumpur,50000,2025-04-28,5-10km
O00967,DC002,25.4,No. 123 Jalan Ampang,Kuala Lumpur,Kuala Lumpur,50000,2025-04-28,10-20km
O00976,DC008,8.25,No. 123 Jalan Ampang,Kuala Lumpur,Kuala Lumpur,50000,2025-04-28,5-10km
O00984,DC001,13.3,No. 123 Jalan Ampang,Kuala Lumpur,Kuala Lumpur,50000,2025-04-30,0-5km
O01064,DC005,19.28,No. 123 Jalan Ampang,Kuala Lumpur,Kuala Lumpur,50000,2025-05-04,10-20km
O01029,DC004,17.44,No. 123 Jalan Ampang,Kuala Lumpur,Kuala Lumpur,50000,2025-05-05,10-20km
O01065,DC003,16.0,No. 123 Jalan Ampang,Kuala Lumpur,Kuala Lumpur,50000,2025-05-05,10-20km
O01040,DC005,9.04,No. 123 Jalan Ampang,Kuala Lumpur,Kuala Lumpur,50000,2025-05-07,0-5km
O01047,DC003,17.52,No. 123 Jalan Ampang,Kuala Lumpur,Kuala Lumpur,50000,2025-05-10,10-20km
O01075,DC008,6.5,No. 123 Jalan Ampang,Kuala Lumpur,Kuala Lumpur,50000,2025-05-10,0-5km
O01086,DC006,10.56,No. 123 Jalan Ampang,Kuala Lumpur,Kuala Lumpur,50000,2025-05-11,5-10km
O01062,DC007,6.4,No. 123 Jalan Ampang,Kuala Lumpur,Kuala Lumpur,50000,2025-05-12,0-5km
O01084,DC003,8.88,No. 123 Jalan Ampang,Kuala Lumpur,Kuala Lumpur,50000,2025-05-12,0-5km
O01085,DC007,6.85,No. 123 Jalan Ampang,Kuala Lumpur,Kuala Lumpur,50000,2025-05-23,5-10km
O01083,DC002,24.0,No. 123 Jalan Ampang,Kuala Lumpur,Kuala Lumpur,50000,2025-05-24,10-20km
O01080,DC004,8.08,No. 123 Jalan Ampang,Kuala Lumpur,Kuala Lumpur,50000,2025-05-24,0-5km
O01023,DC006,11.52,No. 123 Jalan Ampang,Kuala Lumpur,Kuala Lumpur,50000,2025-05-25,5-10km
O01033,DC004,9.92,No. 123 Jalan Ampang,Kuala Lumpur,Kuala Lumpur,50000,2025-05-25,0-5km
O01030,DC005,8.72,No. 123 Jalan Ampang,Kuala Lumpur,Kuala Lumpur,50000,2025-05-26,0-5km
O01096,DC007,6.45,No. 123 Jalan Ampang,Kuala Lumpur,Kuala Lumpur,50000,2025-06-02,0-5km
O01115,DC008,5.6,No. 123 Jalan Ampang,Kuala Lumpur,Kuala Lumpur,50000,2025-06-02,0-5km
O01108,DC005,13.04,No. 123 Jalan Ampang,Kuala Lumpur,Kuala Lumpur,50000,2025-06-07,5-10km
O01126,DC002,13.1,No. 123 Jalan Ampang,Kuala Lumpur,Kuala Lumpur,50000,2025-06-15,0-5km
O01105,DC008,5.05,No. 123 Jalan Ampang,Kuala Lumpur,Kuala Lumpur,50000,2025-06-16,0-5km
O01148,DC004,9.36,No. 123 Jalan Ampang,Kuala Lumpur,Kuala Lumpur,50000,2025-06-18,0-5km
O01088,DC006,13.36,No. 123 Jalan Ampang,Kuala Lumpur,Kuala Lumpur,50000,2025-06-21,5-10km
O01151,DC002,15.2,No. 123 Jalan Ampang,Kuala Lumpur,Kuala Lumpur,50000,2025-06-22,5-10km
O01125,DC007,6.6,No. 123 Jalan Ampang,Kuala Lumpur,Kuala Lumpur,50000,2025-06-24,5-10km
O01104,DC002,25.7,No. 123 Jalan Ampang,Kuala Lumpur,Kuala Lumpur,50000,2025-06-27,10-20km
O01112,DC001,21.6,No. 123 Jalan Ampang,Kuala Lumpur,Kuala Lumpur,50000,2025-06-27,10-20km
O01144,DC003,11.28,No. 123 Jalan Ampang,Kuala Lumpur,Kuala Lumpur,50000,2025-06-28,5-10km
O01139,DC003,18.64,No. 123 Jalan Ampang,Kuala Lumpur,Kuala Lumpur,50000,2025-06-30,10-20km
O01094,DC006,14.8,No. 123 Jalan Ampang,Kuala Lumpur,Kuala Lumpur,50000,2025-07-01,10-20km
O01222,DC004,12.08,No. 123 Jalan Ampang,Kuala Lumpur,Kuala Lumpur,50000,2025-07-04,5-10km
O01214,DC008,6.3,No. 123 Jalan Ampang,Kuala Lumpur,Kuala Lumpur,50000,2025-07-05,0-5km
O01182,DC005,19.52,No. 123 Jalan Ampang,Kuala Lumpur,Kuala Lumpur,50000,2025-07-07,10-20km
O01187,DC001,23.9,No. 123 Jalan Ampang,Kuala Lumpur,Kuala Lumpur,50000,2025-07-09,10-20km
O01160,DC006,12.64,No. 123 Jalan Ampang,Kuala Lumpur,Kuala Lumpur,50000,2025-07-15,5-10km
O01167,DC005,10.72,No. 123 Jalan Ampang,Kuala Lumpur,Kuala Lumpur,50000,2025-07-20,5-10km
O01186,DC004,18.64,No. 123 Jalan Ampang,Kuala Lumpur,Kuala Lumpur,50000,2025-07-20,10-20km
O01161,DC001,25.0,No. 123 Jalan Ampang,Kuala Lumpur,Kuala Lumpur,50000,2025-07-23,10-20km
O01207,DC008,5.55,No. 123 Jalan Ampang,Kuala Lumpur,Kuala Lumpur,50000,2025-07-27,0-5km
O01188,DC004,16.32,No. 123 Jalan Ampang,Kuala Lumpur,Kuala Lumpur,50000,2025-07-28,10-20km
O01177,DC006,10.8,No. 123 Jalan Ampang,Kuala Lumpur,Kuala Lumpur,50000,2025-07-29,5-10km
O01169,DC007,5.95,No. 123 Jalan Ampang,Kuala Lumpur,Kuala Lumpur,50000,2025-08-01,0-5km
O01260,DC001,15.1,No. 123 Jalan Ampang,Kuala Lumpur,Kuala Lumpur,50000,2025-08-02,5-10km
O01255,DC002,14.2,No. 123 Jalan Ampang,Kuala Lumpur,Kuala Lumpur,50000,2025-08-04,0-5km
O01273,DC004,12.56,No. 123 Jalan Ampang,Kuala Lumpur,Kuala Lumpur,50000,2025-08-08,5-10km
O01282,DC007,8.5,No. 123 Jalan Ampang,Kuala Lumpur,Kuala Lumpur,50000,2025-08-08,5-10km
O01240,DC008,11.35,No. 123 Jalan Ampang,Kuala Lumpur,Kuala Lumpur,50000,2025-08-16,10-20km
O01231,DC005,16.96,No. 123 Jalan Ampang,Kuala Lumpur,Kuala Lumpur,50000,2025-08-20,10-20km
O01272,DC004,9.2,No. 123 Jalan Ampang,Kuala Lumpur,Kuala Lumpur,50000,2025-08-20,0-5km
O01285,DC001,19.5,No. 123 Jalan Ampang,Kuala Lumpur,Kuala Lumpur,50000,2025-08-29,5-10km
O01247,DC004,8.4,No. 123 Jalan Ampang,Kuala Lumpur,Kuala Lumpur,50000,2025-08-31,0-5km
O01304,DC004,18.88,No. 123 Jalan Ampang,Kuala Lumpur,Kuala Lumpur,50000,2025-09-04,10-20km
O01333,DC001,12.8,No. 123 Jalan Ampang,Kuala Lumpur,Kuala Lumpur,50000,2025-09-06,0-5km
O01361,DC002,20.8,No. 123 Jalan Ampang,Kuala Lumpur,Kuala Lumpur,50000,2025-09-09,10-20km
O01345,DC006,14.32,No. 123 Jalan Ampang,Kuala Lumpur,Kuala Lumpur,50000,2025-09-14,10-20km
O01323,DC008,11.85,No. 123 Jalan Ampang,Kuala Lumpur,Kuala Lumpur,50000,2025-09-14,10-20km
O01339,DC006,7.92,No. 123 Jalan Ampang,Kuala Lumpur,Kuala Lumpur,50000,2025-09-17,0-5km
O01317,DC004,18.64,No. 123 Jalan Ampang,Kuala Lumpur,Kuala Lumpur,50000,2025-09-19,10-20km
O01341,DC005,8.96,No. 123 Jalan Ampang,Kuala Lumpur,Kuala Lumpur,50000,2025-09-20,0-5km
O01347,DC004,16.24,No. 123 Jalan Ampang,Kuala Lumpur,Kuala Lumpur,50000,2025-09-21,10-20km
O01356,DC008,6.5,No. 123 Jalan Ampang,Kuala Lumpur,Kuala Lumpur,50000,2025-09-26,0-5km
O01328,DC006,8.88,No. 123 Jalan Ampang,Kuala Lumpur,Kuala Lumpur,50000,2025-09-27,0-5km
O01311,DC003,20.16,No. 123 Jalan Ampang,Kuala Lumpur,Kuala Lumpur,50000,2025-09-30,10-20km
O01370,DC002,22.2,No. 123 Jalan Ampang,Kuala Lumpur,Kuala Lumpur,50000,2025-10-17,10-20km
O01387,DC003,18.96,No. 123 Jalan Ampang,Kuala Lumpur,Kuala Lumpur,50000,2025-10-19,10-20km
O01406,DC006,8.72,No. 123 Jalan Ampang,Kuala Lumpur,Kuala Lumpur,50000,2025-10-20,0-5km
O01375,DC007,12.15,No. 123 Jalan Ampang,Kuala Lumpur,Kuala Lumpur,50000,2025-10-20,10-20km
O01380,DC002,21.7,No. 123 Jalan Ampang,Kuala Lumpur,Kuala Lumpur,50000,2025-10-21,10-20km
O01403,DC005,11.2,No. 123 Jalan Ampang,Kuala Lumpur,Kuala Lumpur,50000,2025-10-22,5-10km
O01390,DC006,20.16,No. 123 Jalan Ampang,Kuala Lumpur,Kuala Lumpur,50000,2025-10-25,10-20km
O01400,DC005,19.76,No. 123 Jalan Ampang,Kuala Lumpur,Kuala Lumpur,50000,2025-10-26,10-20km
O01418,DC008,12.75,No. 123 Jalan Ampang,Kuala Lumpur,Kuala Lumpur,50000,2025-10-28,10-20km
O01405,DC003,13.92,No. 123 Jalan Ampang,Kuala Lumpur,Kuala Lumpur,50000,2025-10-29,5-10km
O01446,DC002,12.0,No. 123 Jalan Ampang,Kuala Lumpur,Kuala Lumpur,50000,2025-11-03,0-5km
O01527,DC008,8.75,No. 123 Jalan Ampang,Kuala Lumpur,Kuala Lumpur,50000,2025-11-05,5-10km
O01445,DC008,8.05,No. 123 Jalan Ampang,Kuala Lumpur,Kuala Lumpur,50000,2025-11-07,5-10km
O01465,DC003,17.44,No. 123 Jalan Ampang,Kuala Lumpur,Kuala Lumpur,50000,2025-11-08,10-20km
O01509,DC001,12.2,No. 123 Jalan Ampang,Kuala Lumpur,Kuala Lumpur,50000,2025-11-09,0-5km
O01496,DC002,18.1,No. 123 Jalan Ampang,Kuala Lumpur,Kuala Lumpur,50000,2025-11-11,5-10km
O01503,DC005,17.52,No. 123 Jalan Ampang,Kuala Lumpur,Kuala Lumpur,50000,2025-11-12,10-20km
O01483,DC006,20.24,No. 123 Jalan Ampang,Kuala Lumpur,Kuala Lumpur,50000,2025-11-12,10-20km
O01458,DC007,5.6,No. 123 Jalan Ampang,Kuala Lumpur,Kuala Lumpur,50000,2025-11-13,0-5km
O01453,DC001,26.6,No. 123 Jalan Ampang,Kuala Lumpur,Kuala Lumpur,50000,2025-11-14,10-20km
O01454,DC002,12.4,No. 123 Jalan Ampang,Kuala Lumpur,Kuala Lumpur,50000,2025-11-14,0-5km
O01452,DC001,12.7,No. 123 Jalan Ampang,Kuala Lumpur,Kuala Lumpur,50000,2025-11-21,0-5km
O01517,DC001,18.5,No. 123 Jalan Ampang,Kuala Lumpur,Kuala Lumpur,50000,2025-11-22,5-10km
O01485,DC006,18.88,No. 123 Jalan Ampang,Kuala Lumpur,Kuala Lumpur,50000,2025-11-25,10-20km
O01460,DC008,7.55,No. 123 Jalan Ampang,Kuala Lumpur,Kuala Lumpur,50000,2025-11-27,5-10km
O01481,DC005,8.8,No. 123 Jalan Ampang,Kuala Lumpur,Kuala Lumpur,50000,2025-11-30,0-5km
O01478,DC003,14.0,No. 123 Jalan Ampang,Kuala Lumpur,Kuala Lumpur,50000,2025-11-30,5-10km
O01470,DC002,15.0,No. 123 Jalan Ampang,Kuala Lumpur,Kuala Lumpur,50000,2025-11-30,0-5km
O01619,DC007,5.1,No. 123 Jalan Ampang,Kuala Lumpur,Kuala Lumpur,50000,2025-12-04,0-5km
O01567,DC003,14.4,No. 123 Jalan Ampang,Kuala Lumpur,Kuala Lumpur,50000,2025-12-07,10-20km
O01586,DC002,22.3,No. 123 Jalan Ampang,Kuala Lumpur,Kuala Lumpur,50000,2025-12-12,10-20km
O01548,DC007,5.5,No. 123 Jalan Ampang,Kuala Lumpur,Kuala Lumpur,50000,2025-12-12,0-5km
O01536,DC007,10.15,No. 123 Jalan Ampang,Kuala Lumpur,Kuala Lumpur,50000,2025-12-12,10-20km
O01585,DC001,18.5,No. 123 Jalan Ampang,Kuala Lumpur,Kuala Lumpur,50000,2025-12-15,5-10km
O01530,DC004,17.04,No. 123 Jalan Ampang,Kuala Lumpur,Kuala Lumpur,50000,2025-12-18,10-20km
O01610,DC001,27.2,No. 123 Jalan Ampang,Kuala Lumpur,Kuala Lumpur,50000,2025-12-22,10-20km
O01553,DC007,10.0,No. 123 Jalan Ampang,Kuala Lumpur,Kuala Lumpur,50000,2025-12-25,10-20km
O01589,DC007,11.55,No. 123 Jalan Ampang,Kuala Lumpur,Kuala Lumpur,50000,2025-12-27,10-20km
O01588,DC007,8.7,No. 123 Jalan Ampang,Kuala Lumpur,Kuala Lumpur,50000,2025-12-29,5-10km
O01592,DC005,18.4,No. 123 Jalan Ampang,Kuala Lumpur,Kuala Lumpur,50000,2025-12-30,10-20km
O01528,DC008,12.4,No. 123 Jalan Ampang,Kuala Lumpur,Kuala Lumpur,50000,2025-12-30,10-20km
O01561,DC008,8.95,No. 123 Jalan Ampang,Kuala Lumpur,Kuala Lumpur,50000,2025-12-30,5-10km
O01535,DC008,7.6,No. 123 Jalan Ampang,Kuala Lumpur,Kuala Lumpur,50000,2026-01-01,5-10km
O01576,DC007,11.65,No. 123 Jalan Ampang,Kuala Lumpur,Kuala Lumpur,50000,2026-01-01,10-20km
O01669,DC008,11.15,No. 123 Jalan Ampang,Kuala Lumpur,Kuala Lumpur,50000,2026-01-02,10-20km
O01652,DC005,8.56,No. 123 Jalan Ampang,Kuala Lumpur,Kuala Lumpur,50000,2026-01-04,0-5km
O01636,DC001,12.2,No. 123 Jalan Ampang,Kuala Lumpur,Kuala Lumpur,50000,2026-01-09,0-5km
O01690,DC002,15.3,No. 123 Jalan Ampang,Kuala Lumpur,Kuala Lumpur,50000,2026-01-09,5-10km
O01641,DC006,13.6,No. 123 Jalan Ampang,Kuala Lumpur,Kuala Lumpur,50000,2026-01-09,5-10km
O01703,DC008,9.7,No. 123 Jalan Ampang,Kuala Lumpur,Kuala Lumpur,50000,2026-01-10,10-20km
O01640,DC003,9.92,No. 123 Jalan Ampang,Kuala Lumpur,Kuala Lumpur,50000,2026-01-12,0-5km
O01638,DC007,11.15,No. 123 Jalan Ampang,Kuala Lumpur,Kuala Lumpur,50000,2026-01-12,10-20km
O01657,DC005,14.48,No. 123 Jalan Ampang,Kuala Lumpur,Kuala Lumpur,50000,2026-01-20,10-20km
O01634,DC003,19.92,No. 123 Jalan Ampang,Kuala Lumpur,Kuala Lumpur,50000,2026-01-20,10-20km
O01639,DC003,13.36,No. 123 Jalan Ampang,Kuala Lumpur,Kuala Lumpur,50000,2026-01-23,5-10km
O01646,DC008,12.7,No. 123 Jalan Ampang,Kuala Lumpur,Kuala Lumpur,50000,2026-01-24,10-20km
O01668,DC002,14.9,No. 123 Jalan Ampang,Kuala Lumpur,Kuala Lumpur,50000,2026-01-25,0-5km
O01698,DC002,18.6,No. 123 Jalan Ampang,Kuala Lumpur,Kuala Lumpur,50000,2026-01-25,5-10km
O01658,DC005,8.0,No. 123 Jalan Ampang,Kuala Lumpur,Kuala Lumpur,50000,2026-01-25,0-5km
O01648,DC003,16.24,No. 123 Jalan Ampang,Kuala Lumpur,Kuala Lumpur,50000,2026-01-26,10-20km
O01688,DC004,14.4,No. 123 Jalan Ampang,Kuala Lumpur,Kuala Lumpur,50000,2026-01-26,10-20km
O01670,DC007,5.55,No. 123 Jalan Ampang,Kuala Lumpur,Kuala Lumpur,50000,2026-01-26,0-5km
O01647,DC006,8.24,No. 123 Jalan Ampang,Kuala Lumpur,Kuala Lumpur,50000,2026-01-27,0-5km
O01631,DC003,18.8,No. 123 Jalan Ampang,Kuala Lumpur,Kuala Lumpur,50000,2026-01-29,10-20km
O01675,DC002,12.0,No. 123 Jalan Ampang,Kuala Lumpur,Kuala Lumpur,50000,2026-01-31,0-5km
O01682,DC008,12.95,No. 123 Jalan Ampang,Kuala Lumpur,Kuala Lumpur,50000,2026-01-31,10-20km
O01642,DC005,10.08,No. 123 Jalan Ampang,Kuala Lumpur,Kuala Lumpur,50000,2026-02-01,5-10km
O01691,DC004,20.16,No. 123 Jalan Ampang,Kuala Lumpur,Kuala Lumpur,50000,2026-02-01,10-20km
O01791,DC001,16.2,No. 123 Jalan Ampang,Kuala Lumpur,Kuala Lumpur,50000,2026-02-02,5-10km
O01798,DC006,8.32,No. 123 Jalan Ampang,Kuala Lumpur,Kuala Lumpur,50000,2026-02-02,0-5km
O01782,DC003,12.4,No. 123 Jalan Ampang,Kuala Lumpur,Kuala Lumpur,50000,2026-02-03,5-10km
O01770,DC003,20.0,No. 123 Jalan Ampang,Kuala Lumpur,Kuala Lumpur,50000,2026-02-03,10-20km
O01748,DC003,9.28,No. 123 Jalan Ampang,Kuala Lumpur,Kuala Lumpur,50000,2026-02-04,0-5km
O01788,DC003,18.0,No. 123 Jalan Ampang,Kuala Lumpur,Kuala Lumpur,50000,2026-02-05,10-20km
O01783,DC004,9.2,No. 123 Jalan Ampang,Kuala Lumpur,Kuala Lumpur,50000,2026-02-06,0-5km
O01709,DC004,18.16,No. 123 Jalan Ampang,Kuala Lumpur,Kuala Lumpur,50000,2026-02-07,10-20km
O01810,DC002,26.8,No. 123 Jalan Ampang,Kuala Lumpur,Kuala Lumpur,50000,2026-02-11,10-20km
O01796,DC008,12.15,No. 123 Jalan Ampang,Kuala Lumpur,Kuala Lumpur,50000,2026-02-11,10-20km
O01762,DC007,7.3,No. 123 Jalan Ampang,Kuala Lumpur,Kuala Lumpur,50000,2026-02-12,5-10km
O01731,DC006,10.4,No. 123 Jalan Ampang,Kuala Lumpur,Kuala Lumpur,50000,2026-02-12,5-10km
O01790,DC008,9.9,No. 123 Jalan Ampang,Kuala Lumpur,Kuala Lumpur,50000,2026-02-12,10-20km
O01723,DC003,17.04,No. 123 Jalan Ampang,Kuala Lumpur,Kuala Lumpur,50000,2026-02-13,10-20km
O01710,DC005,12.32,No. 123 Jalan Ampang,Kuala Lumpur,Kuala Lumpur,50000,2026-02-14,5-10km
O01756,DC001,12.8,No. 123 Jalan Ampang,Kuala Lumpur,Kuala Lumpur,50000,2026-02-16,0-5km
O01730,DC005,20.08,No. 123 Jalan Ampang,Kuala Lumpur,Kuala Lumpur,50000,2026-02-17,10-20km
O01714,DC004,19.12,No. 123 Jalan Ampang,Kuala Lumpur,Kuala Lumpur,50000,2026-02-18,10-20km
O01809,DC006,8.4,No. 123 Jalan Ampang,Kuala Lumpur,Kuala Lumpur,50000,2026-02-19,0-5km
O01727,DC008,8.25,No. 123 Jalan Ampang,Kuala Lumpur,Kuala Lumpur,50000,2026-02-19,5-10km
O01725,DC008,6.9,No. 123 Jalan Ampang,Kuala Lumpur,Kuala Lumpur,50000,2026-02-19,5-10km
O01708,DC007,10.35,No. 123 Jalan Ampang,Kuala Lumpur,Kuala Lumpur,50000,2026-02-19,10-20km
O01771,DC008,12.45,No. 123 Jalan Ampang,Kuala Lumpur,Kuala Lumpur,50000,2026-02-21,10-20km
O01722,DC001,24.6,No. 123 Jalan Ampang,Kuala Lumpur,Kuala Lumpur,50000,2026-02-21,10-20km
O01766,DC002,23.4,No. 123 Jalan Ampang,Kuala Lumpur,Kuala Lumpur,50000,2026-02-25,10-20km
O01780,DC008,12.6,No. 123 Jalan Ampang,Kuala Lumpur,Kuala Lumpur,50000,2026-02-28,10-20km
O01726,DC007,7.0,No. 123 Jalan Ampang,Kuala Lumpur,Kuala Lumpur,50000,2026-02-28,5-10km
O01736,DC003,20.32,No. 123 Jalan Ampang,Kuala Lumpur,Kuala Lumpur,50000,2026-02-28,10-20km
O01848,DC002,24.4,No. 123 Jalan Ampang,Kuala Lumpur,Kuala Lumpur,50000,2026-03-02,10-20km
O01862,DC001,22.5,No. 123 Jalan Ampang,Kuala Lumpur,Kuala Lumpur,50000,2026-03-03,10-20km
O01841,DC002,21.0,No. 123 Jalan Ampang,Kuala Lumpur,Kuala Lumpur,50000,2026-03-05,10-20km
O01890,DC001,25.5,No. 123 Jalan Ampang,Kuala Lumpur,Kuala Lumpur,50000,2026-03-05,10-20km
O01870,DC004,14.96,No. 123 Jalan Ampang,Kuala Lumpur,Kuala Lumpur,50000,2026-03-06,10-20km
O01815,DC007,10.75,No. 123 Jalan Ampang,Kuala Lumpur,Kuala Lumpur,50000,2026-03-09,10-20km
O01824,DC006,8.32,No. 123 Jalan Ampang,Kuala Lumpur,Kuala Lumpur,50000,2026-03-14,0-5km
O01880,DC004,10.72,No. 123 Jalan Ampang,Kuala Lumpur,Kuala Lumpur,50000,2026-03-18,5-10km
O01838,DC006,12.24,No. 123 Jalan Ampang,Kuala Lumpur,Kuala Lumpur,50000,2026-03-19,5-10km
O01898,DC006,8.24,No. 123 Jalan Ampang,Kuala Lumpur,Kuala Lumpur,50000,2026-03-20,0-5km
O01887,DC004,16.48,No. 123 Jalan Ampang,Kuala Lumpur,Kuala Lumpur,50000,2026-03-21,10-20km
O01836,DC007,9.55,No. 123 Jalan Ampang,Kuala Lumpur,Kuala Lumpur,50000,2026-03-21,10-20km
O01869,DC008,7.2,No. 123 Jalan Ampang,Kuala Lumpur,Kuala Lumpur,50000,2026-03-22,5-10km
O01813,DC008,6.7,No. 123 Jalan Ampang,Kuala Lumpur,Kuala Lumpur,50000,2026-03-22,5-10km
O01878,DC002,15.3,No. 123 Jalan Ampang,Kuala Lumpur,Kuala Lumpur,50000,2026-03-25,5-10km
O01826,DC006,16.24,No. 123 Jalan Ampang,Kuala Lumpur,Kuala Lumpur,50000,2026-03-26,10-20km
O01823,DC002,18.3,No. 123 Jalan Ampang,Kuala Lumpur,Kuala Lumpur,50000,2026-03-26,5-10km
O01852,DC005,10.24,No. 123 Jalan Ampang,Kuala Lumpur,Kuala Lumpur,50000,2026-03-27,5-10km
O01889,DC006,16.16,No. 123 Jalan Ampang,Kuala Lumpur,Kuala Lumpur,50000,2026-03-28,10-20km
O01846,DC001,12.5,No. 123 Jalan Ampang,Kuala Lumpur,Kuala Lumpur,50000,2026-03-31,0-5km
O01894,DC005,15.04,No. 123 Jalan Ampang,Kuala Lumpur,Kuala Lumpur,50000,2026-03-31,10-20km
O01874,DC005,19.12,No. 123 Jalan Ampang,Kuala Lumpur,Kuala Lumpur,50000,2026-04-01,10-20km
O01896,DC003,8.32,No. 123 Jalan Ampang,Kuala Lumpur,Kuala Lumpur,50000,2026-04-01,0-5km
O01953,DC001,12.4,No. 123 Jalan Ampang,Kuala Lumpur,Kuala Lumpur,50000,2026-04-04,0-5km
O01947,DC005,17.84,No. 123 Jalan Ampang,Kuala Lumpur,Kuala Lumpur,50000,2026-04-04,10-20km
O01919,DC008,9.85,No. 123 Jalan Ampang,Kuala Lumpur,Kuala Lumpur,50000,2026-04-04,10-20km
O01958,DC002,27.1,No. 123 Jalan Ampang,Kuala Lumpur,Kuala Lumpur,50000,2026-04-06,10-20km
O01926,DC006,14.24,No. 123 Jalan Ampang,Kuala Lumpur,Kuala Lumpur,50000,2026-04-07,10-20km
O01961,DC008,8.95,No. 123 Jalan Ampang,Kuala Lumpur,Kuala Lumpur,50000,2026-04-07,5-10km
O01942,DC005,19.76,No. 123 Jalan Ampang,Kuala Lumpur,Kuala Lumpur,50000,2026-04-11,10-20km
O01908,DC006,14.24,No. 123 Jalan Ampang,Kuala Lumpur,Kuala Lumpur,50000,2026-04-12,10-20km
O01940,DC002,21.4,No. 123 Jalan Ampang,Kuala Lumpur,Kuala Lumpur,50000,2026-04-12,10-20km
O01993,DC002,13.1,No. 123 Jalan Ampang,Kuala Lumpur,Kuala Lumpur,50000,2026-04-13,0-5km
O01982,DC007,10.55,No. 123 Jalan Ampang,Kuala Lumpur,Kuala Lumpur,50000,2026-04-14,10-20km
O01974,DC005,16.64,No. 123 Jalan Ampang,Kuala Lumpur,Kuala Lumpur,50000,2026-04-15,10-20km
O01965,DC004,11.2,No. 123 Jalan Ampang,Kuala Lumpur,Kuala Lumpur,50000,2026-04-15,5-10km
O02000,DC007,5.2,No. 123 Jalan Ampang,Kuala Lumpur,Kuala Lumpur,50000,2026-04-16,0-5km
O01948,DC002,12.9,No. 123 Jalan Ampang,Kuala Lumpur,Kuala Lumpur,50000,2026-04-18,0-5km
O01927,DC005,16.56,No. 123 Jalan Ampang,Kuala Lumpur,Kuala Lumpur,50000,2026-04-19,10-20km
O01928,DC003,18.56,No. 123 Jalan Ampang,Kuala Lumpur,Kuala Lumpur,50000,2026-04-24,10-20km
O01997,DC005,15.92,No. 123 Jalan Ampang,Kuala Lumpur,Kuala Lumpur,50000,2026-04-25,10-20km
O01968,DC007,7.1,No. 123 Jalan Ampang,Kuala Lumpur,Kuala Lumpur,50000,2026-04-25,5-10km
O01913,DC007,10.3,No. 123 Jalan Ampang,Kuala Lumpur,Kuala Lumpur,50000,2026-04-25,10-20km
O02008,DC006,9.76,No. 123 Jalan Ampang,Kuala Lumpur,Kuala Lumpur,50000,2026-04-25,0-5km
O01980,DC006,11.28,No. 123 Jalan Ampang,Kuala Lumpur,Kuala Lumpur,50000,2026-04-29,5-10km
O02032,DC003,17.84,No. 123 Jalan Ampang,Kuala Lumpur,Kuala Lumpur,50000,2026-05-02,10-20km
O02036,DC002,15.6,No. 123 Jalan Ampang,Kuala Lumpur,Kuala Lumpur,50000,2026-05-02,5-10km
O02013,DC004,17.68,No. 123 Jalan Ampang,Kuala Lumpur,Kuala Lumpur,50000,2026-05-04,10-20km
O02067,DC002,20.9,No. 123 Jalan Ampang,Kuala Lumpur,Kuala Lumpur,50000,2026-05-08,10-20km
O02030,DC001,22.4,No. 123 Jalan Ampang,Kuala Lumpur,Kuala Lumpur,50000,2026-05-08,10-20km
O02064,DC007,5.45,No. 123 Jalan Ampang,Kuala Lumpur,Kuala Lumpur,50000,2026-05-14,0-5km
O02102,DC005,17.2,No. 123 Jalan Ampang,Kuala Lumpur,Kuala Lumpur,50000,2026-05-15,10-20km
O02090,DC001,23.0,No. 123 Jalan Ampang,Kuala Lumpur,Kuala Lumpur,50000,2026-05-17,10-20km
O02074,DC002,25.5,No. 123 Jalan Ampang,Kuala Lumpur,Kuala Lumpur,50000,2026-05-20,10-20km
O02075,DC008,8.3,No. 123 Jalan Ampang,Kuala Lumpur,Kuala Lumpur,50000,2026-05-20,5-10km
O02022,DC001,16.4,No. 123 Jalan Ampang,Kuala Lumpur,Kuala Lumpur,50000,2026-05-21,5-10km
O02031,DC003,13.2,No. 123 Jalan Ampang,Kuala Lumpur,Kuala Lumpur,50000,2026-05-22,5-10km
O02039,DC008,7.05,No. 123 Jalan Ampang,Kuala Lumpur,Kuala Lumpur,50000,2026-05-23,5-10km
O02028,DC004,15.76,No. 123 Jalan Ampang,Kuala Lumpur,Kuala Lumpur,50000,2026-05-23,10-20km
O02038,DC004,7.68,No. 123 Jalan Ampang,Kuala Lumpur,Kuala Lumpur,50000,2026-05-24,0-5km
O02087,DC007,9.2,No. 123 Jalan Ampang,Kuala Lumpur,Kuala Lumpur,50000,2026-05-24,10-20km
O02062,DC008,9.5,No. 123 Jalan Ampang,Kuala Lumpur,Kuala Lumpur,50000,2026-05-25,10-20km
O02035,DC008,9.75,No. 123 Jalan Ampang,Kuala Lumpur,Kuala Lumpur,50000,2026-05-26,10-20km
O02077,DC007,8.75,No. 123 Jalan Ampang,Kuala Lumpur,Kuala Lumpur,50000,2026-05-27,5-10km
O02080,DC004,9.44,No. 123 Jalan Ampang,Kuala Lumpur,Kuala Lumpur,50000,2026-05-28,0-5km
O02091,DC008,9.7,No. 123 Jalan Ampang,Kuala Lumpur,Kuala Lumpur,50000,2026-05-28,10-20km
O02061,DC008,5.8,No. 123 Jalan Ampang,Kuala Lumpur,Kuala Lumpur,50000,2026-05-29,0-5km
O02015,DC007,8.55,No. 123 Jalan Ampang,Kuala Lumpur,Kuala Lumpur,50000,2026-05-31,5-10km
O02182,DC004,17.84,No. 123 Jalan Ampang,Kuala Lumpur,Kuala Lumpur,50000,2026-06-05,10-20km
O02144,DC001,27.0,No. 123 Jalan Ampang,Kuala Lumpur,Kuala Lumpur,50000,2026-06-06,10-20km
O02177,DC001,20.6,No. 123 Jalan Ampang,Kuala Lumpur,Kuala Lumpur,50000,2026-06-06,10-20km
O02118,DC001,13.1,No. 123 Jalan Ampang,Kuala Lumpur,Kuala Lumpur,50000,2026-06-11,0-5km
O02179,DC006,20.0,No. 123 Jalan Ampang,Kuala Lumpur,Kuala Lumpur,50000,2026-06-11,10-20km
O02200,DC005,18.4,No. 123 Jalan Ampang,Kuala Lumpur,Kuala Lumpur,50000,2026-06-13,10-20km
O02193,DC002,22.8,No. 123 Jalan Ampang,Kuala Lumpur,Kuala Lumpur,50000,2026-06-14,10-20km
O02129,DC006,10.08,No. 123 Jalan Ampang,Kuala Lumpur,Kuala Lumpur,50000,2026-06-14,5-10km
O02112,DC003,9.36,No. 123 Jalan Ampang,Kuala Lumpur,Kuala Lumpur,50000,2026-06-16,0-5km
O02160,DC007,11.55,No. 123 Jalan Ampang,Kuala Lumpur,Kuala Lumpur,50000,2026-06-19,10-20km
O02120,DC007,6.5,No. 123 Jalan Ampang,Kuala Lumpur,Kuala Lumpur,50000,2026-06-24,0-5km
O02128,DC003,13.92,No. 123 Jalan Ampang,Kuala Lumpur,Kuala Lumpur,50000,2026-06-25,5-10km
O02135,DC004,18.32,No. 123 Jalan Ampang,Kuala Lumpur,Kuala Lumpur,50000,2026-06-27,10-20km
O02114,DC006,18.16,No. 123 Jalan Ampang,Kuala Lumpur,Kuala Lumpur,50000,2026-06-27,10-20km
O02185,DC006,20.16,No. 123 Jalan Ampang,Kuala Lumpur,Kuala Lumpur,50000,2026-06-28,10-20km
O02152,DC001,24.2,No. 123 Jalan Ampang,Kuala Lumpur,Kuala Lumpur,50000,2026-06-28,10-20km
O02125,DC006,13.68,No. 123 Jalan Ampang,Kuala Lumpur,Kuala Lumpur,50000,2026-06-29,5-10km
O02163,DC007,5.45,No. 123 Jalan Ampang,Kuala Lumpur,Kuala Lumpur,50000,2026-06-29,0-5km
O02172,DC002,24.6,No. 123 Jalan Ampang,Kuala Lumpur,Kuala Lumpur,50000,2026-06-29,10-20km
