CustomerID,TransactionDate,OrderID,TransactionType,Points,Balance
C0001,2024-01-01 19:58:42,O00038,EARN,387,387.0
C0001,2024-01-02 11:59:15,O00008,EARN,156,543.0
C0001,2024-01-02 15:44:07,O00032,EARN,288,831.0
C0001,2024-01-03 12:30:16,O00036,EARN,157,988.0
C0002,2024-01-03 16:54:37,O00024,EARN,18,18.0
C0002,2024-01-04 18:11:07,O00013,EARN,303,321.0
C0002,2024-01-04 18:25:06,O00028,EARN,235,556.0
C0001,2024-01-05 11:29:12,O00033,EARN,36,1024.0
C0001,2024-01-05 17:40:28,O00002,EARN,118,1142.0
C0002,2024-01-09 11:25:44,O00046,EARN,317,873.0
C0001,2024-01-09 20:13:11,O00041,EARN,240,1382.0
C0003,2024-01-11 19:36:05,O00039,EARN,87,87.0
C0001,2024-01-12 14:02:54,O00030,EARN,71,1453.0
C0003,2024-01-13 11:29:57,O00049,EARN,250,337.0
C0002,2024-01-13 19:57:56,O00021,EARN,81,954.0
C0002,2024-01-14 08:42:44,O00044,EARN,298,1252.0
C0003,2024-01-14 20:20:58,O00005,EARN,15,352.0
C0002,2024-01-18 19:05:06,O00016,EARN,221,1473.0
C0002,2024-01-19 13:27:42,O00034,EARN,197,1670.0
C0003,2024-01-19 19:28:12,O00009,EARN,91,443.0
C0002,2024-01-20 15:40:32,O00017,EARN,142,1812.0
C0004,2024-01-20 20:04:21,O00004,EARN,104,104.0
C0002,2024-01-21 13:06:22,O00043,EARN,127,1939.0
C0001,2024-01-21 13:45:46,O00026,EARN,31,1484.0
C0004,2024-01-23 09:11:25,O00010,EARN,132,236.0
C0004,2024-01-25 10:39:54,O00003,EARN,312,548.0
C0001,2024-01-25 14:49:42,O00051,EARN,216,1700.0
C0002,2024-01-25 15:28:17,O00015,EARN,156,2095.0
C0004,2024-01-26 09:20:49,O00020,EARN,298,846.0
C0004,2024-01-26 17:10:50,O00042,EARN,79,925.0
C0004,2024-01-27 12:24:41,O00047,EARN,57,982.0
C0003,2024-01-27 16:38:00,O00012,EARN,172,615.0
C0004,2024-01-27 18:32:41,O00018,EARN,134,1116.0
C0004,2024-01-28 09:33:22,O00031,EARN,130,1246.0
C0003,2024-01-28 10:10:42,O00037,EARN,233,848.0
C0004,2024-01-28 17:58:53,O00019,EARN,136,1382.0
C0002,2024-01-29 17:58:24,O00001,EARN,221,2316.0
C0004,2024-01-30 14:36:25,O00025,EARN,144,1526.0
C0003,2024-01-31 16:53:55,O00029,EARN,231,1079.0
C0004,2024-01-31 19:46:29,O00022,EARN,338,1864.0
C0006,2024-02-02 10:30:47,O00052,EARN,124,124.0
C0006,2024-02-02 10:37:10,O00055,EARN,126,250.0
C0005,2024-02-02 16:54:09,O00074,EARN,197,197.0
C0006,2024-02-02 18:46:09,O00113,EARN,83,333.0
C0006,2024-02-02 20:20:09,O00093,EARN,191,524.0
C0002,2024-02-03 10:11:30,O00094,EARN,176,2492.0
C0002,2024-02-03 13:22:14,O00105,EARN,158,2650.0
C0002,2024-02-04 10:33:59,O00106,EARN,253,2903.0
C0006,2024-02-05 10:25:33,O00062,EARN,290,814.0
C0002,2024-02-05 11:56:50,O00079,EARN,174,3077.0
C0004,2024-02-05 20:59:08,O00082,EARN,143,2007.0
C0008,2024-02-08 11:50:54,O00085,EARN,398,398.0
C0007,2024-02-09 16:56:17,O00097,EARN,91,91.0
C0006,2024-02-10 16:35:44,O00072,EARN,136,950.0
C0006,2024-02-10 16:43:36,O00107,EARN,84,1034.0
C0002,2024-02-11 20:18:22,O00078,EARN,104,3181.0
C0001,2024-02-11 20:37:28,O00095,EARN,112,1812.0
C0002,2024-02-12 16:35:26,O00060,EARN,50,3231.0
C0006,2024-02-13 19:35:29,O00069,EARN,314,1348.0
C0004,2024-02-15 09:12:06,O00067,EARN,80,2087.0
C0006,2024-02-16 13:03:35,O00099,EARN,57,1405.0
C0008,2024-02-17 15:14:16,O00089,EARN,222,620.0
C0007,2024-02-18 10:00:17,O00059,EARN,128,219.0
C0006,2024-02-18 11:40:06,O00056,EARN,9,1414.0
C0003,2024-02-18 15:21:34,O00080,EARN,134,1213.0
C0001,2024-02-19 08:07:14,O00104,EARN,268,2080.0
C0005,2024-02-21 12:32:22,O00057,EARN,106,303.0
C0008,2024-02-23 11:25:49,O00092,EARN,89,709.0
C0009,2024-02-23 19:23:09,O00086,EARN,58,58.0
C0007,2024-02-24 17:35:23,O00103,EARN,287,506.0
C0004,2024-02-25 16:10:36,O00058,EARN,239,2326.0
C0001,2024-02-25 16:57:44,O00102,EARN,171,2251.0
C0007,2024-02-25 20:03:03,O00091,EARN,192,698.0
C0007,2024-02-29 19:10:07,O00101,EARN,42,740.0
C0005,2024-03-02 10:32:17,O00138,EARN,182,485.0
C0010,2024-03-04 09:34:48,O00119,EARN,139,139.0
C0009,2024-03-05 10:33:15,O00117,EARN,213,271.0
C0009,2024-03-08 10:12:05,O00160,EARN,79,350.0
C0005,2024-03-08 10:13:12,O00145,EARN,37,522.0
C0004,2024-03-09 19:59:48,O00128,EARN,114,2440.0
C0010,2024-03-10 13:23:57,O00134,EARN,14,153.0
C0009,2024-03-11 10:45:48,O00164,EARN,179,529.0
C0005,2024-03-11 18:34:07,O00116,EARN,164,686.0
C0009,2024-03-12 10:09:49,O00157,EARN,36,565.0
C0006,2024-03-12 12:23:15,O00156,EARN,121,1535.0
C0007,2024-03-14 14:18:42,O00132,EARN,242,982.0
C0006,2024-03-18 08:34:59,O00129,REDEEM,-500.0,1035.0
C0006,2024-03-18 08:35:00,O00129,EARN,272,1307.0
C0003,2024-03-18 19:27:20,O00141,EARN,62,1275.0
C0008,2024-03-19 13:26:36,O00123,EARN,152,861.0
C0009,2024-03-22 11:07:05,O00151,EARN,167,732.0
C0009,2024-03-22 18:12:35,O00148,EARN,199,931.0
C0003,2024-03-24 14:16:12,O00143,EARN,76,1351.0
C0002,2024-03-25 11:11:52,O00140,EARN,291,3522.0
C0003,2024-03-26 14:32:10,O00133,EARN,124,1475.0
C0005,2024-03-29 12:22:44,O00136,EARN,307,993.0
C0010,2024-03-29 17:28:31,O00142,EARN,38,191.0
C0001,2024-03-30 12:12:23,O00115,EARN,34,2285.0
C0001,2024-03-30 20:59:45,O00158,EARN,52,2337.0
C0011,2024-03-31 12:14:45,O00118,EARN,78,78.0
C0002,2024-04-03 11:39:20,O00202,REDEEM,-500.0,3022.0
C0002,2024-04-03 11:39:21,O00202,EARN,150,3172.0
C0005,2024-04-04 12:56:15,O00167,EARN,87,1080.0
C0002,2024-04-04 14:27:30,O00208,EARN,138,3310.0
C0003,2024-04-04 20:23:46,O00171,EARN,87,1562.0
C0010,2024-04-05 08:23:45,O00195,EARN,146,337.0
C0009,2024-04-06 12:19:47,O00229,EARN,53,984.0
C0012,2024-04-06 12:31:46,O00217,EARN,285,285.0
C0001,2024-04-06 15:35:41,O00230,EARN,60,2397.0
C0011,2024-04-06 19:33:58,O00170,EARN,154,232.0
C0012,2024-04-08 10:26:46,O00222,EARN,286,571.0
C0006,2024-04-09 09:43:54,O00178,EARN,140,1447.0
C0009,2024-04-09 11:09:05,O00227,EARN,111,1095.0
C0001,2024-04-09 17:57:04,O00223,EARN,28,2425.0
C0004,2024-04-12 12:08:49,O00207,EARN,365,2805.0
C0007,2024-04-12 15:08:44,O00200,EARN,240,1222.0
C0002,2024-04-12 18:26:28,O00173,EARN,111,3421.0
C0013,2024-04-13 09:39:02,O00191,EARN,115,115.0
C0012,2024-04-13 17:02:46,O00196,EARN,253,824.0
C0001,2024-04-14 16:32:10,O00188,EARN,63,2488.0
C0003,2024-04-14 19:07:41,O00204,EARN,172,1734.0
C0013,2024-04-15 18:21:00,O00198,EARN,244,359.0
C0005,2024-04-15 18:49:45,O00218,EARN,285,1365.0
C0006,2024-04-16 14:52:20,O00189,EARN,155,1602.0
C0008,2024-04-16 18:17:18,O00194,EARN,182,1043.0
C0004,2024-04-17 10:36:35,O00174,EARN,70,2875.0
C0012,2024-04-18 17:18:37,O00177,EARN,172,996.0
C0014,2024-04-19 13:55:16,O00190,EARN,36,36.0
C0005,2024-04-19 16:23:22,O00186,REDEEM,-500.0,865.0
C0005,2024-04-19 16:23:23,O00186,EARN,69,934.0
C0010,2024-04-20 10:45:00,O00169,EARN,309,646.0
C0010,2024-04-20 19:36:32,O00201,EARN,259,905.0
C0004,2024-04-21 14:43:58,O00181,EARN,324,3199.0
C0005,2024-04-23 12:37:10,O00214,EARN,325,1259.0
C0012,2024-04-25 15:10:58,O00182,EARN,160,1156.0
C0010,2024-04-25 17:33:57,O00184,EARN,71,976.0
C0012,2024-04-25 18:11:26,O00172,EARN,199,1355.0
C0010,2024-04-25 18:26:44,O00185,EARN,101,1077.0
C0016,2024-04-26 17:37:35,O00220,EARN,169,169.0
C0009,2024-04-27 10:02:28,O00175,EARN,148,1243.0
C0001,2024-04-28 20:49:46,O00193,EARN,127,2615.0
C0006,2024-04-29 14:54:57,O00187,EARN,57,1659.0
C0003,2024-05-02 10:54:28,O00274,EARN,81,1815.0
C0016,2024-05-02 15:11:31,O00241,EARN,18,187.0
C0018,2024-05-02 18:27:14,O00254,EARN,91,91.0
C0001,2024-05-03 11:37:11,O00234,REDEEM,-500.0,2115.0
C0001,2024-05-03 11:37:12,O00234,EARN,126,2241.0
C0004,2024-05-03 12:09:37,O00244,EARN,143,3342.0
C0017,2024-05-04 15:47:44,O00257,EARN,212,212.0
C0003,2024-05-04 16:13:57,O00240,EARN,364,2179.0
C0016,2024-05-04 18:37:36,O00259,EARN,218,405.0
C0009,2024-05-07 17:12:29,O00272,EARN,37,1280.0
C0011,2024-05-11 11:27:56,O00250,EARN,136,368.0
C0001,2024-05-11 13:12:43,O00247,EARN,275,2516.0
C0012,2024-05-12 19:29:54,O00280,EARN,77,1432.0
C0016,2024-05-14 09:05:49,O00255,EARN,6,411.0
C0011,2024-05-14 14:38:20,O00278,EARN,43,411.0
C0019,2024-05-15 11:58:49,O00243,EARN,139,139.0
C0017,2024-05-15 14:05:18,O00265,EARN,184,396.0
C0002,2024-05-15 19:37:24,O00266,EARN,127,3548.0
C0002,2024-05-15 19:38:28,O00276,EARN,36,3584.0
C0016,2024-05-16 17:52:37,O00251,EARN,270,681.0
C0021,2024-05-17 17:43:33,O00233,EARN,213,213.0
C0013,2024-05-19 11:10:04,O00248,EARN,159,518.0
C0017,2024-05-19 18:35:55,O00281,EARN,149,545.0
C0015,2024-05-20 08:28:33,O00260,EARN,355,355.0
C0021,2024-05-21 13:41:06,O00261,EARN,67,280.0
C0007,2024-05-21 17:01:18,O00236,EARN,303,1525.0
C0004,2024-05-22 12:15:40,O00239,EARN,172,3514.0
C0002,2024-05-22 17:09:15,O00258,EARN,40,3624.0
C0001,2024-05-25 17:51:39,O00256,EARN,270,2786.0
C0022,2024-05-26 11:56:16,O00238,EARN,216,216.0
C0013,2024-05-26 19:31:13,O00245,EARN,53,571.0
C0017,2024-05-28 10:01:20,O00277,EARN,81,626.0
C0013,2024-05-31 11:37:30,O00273,EARN,127,698.0
C0013,2024-05-31 15:49:35,O00246,EARN,54,752.0
C0015,2024-06-01 13:13:48,O00339,EARN,147,502.0
C0003,2024-06-02 13:47:10,O00330,EARN,398,2577.0
C0009,2024-06-02 18:58:30,O00291,EARN,145,1425.0
C0010,2024-06-03 08:16:05,O00310,EARN,10,1087.0
C0008,2024-06-03 11:00:23,O00328,EARN,246,1289.0
C0013,2024-06-03 11:10:48,O00297,EARN,196,948.0
C0007,2024-06-03 12:17:11,O00306,EARN,376,1901.0
C0023,2024-06-04 08:10:24,O00304,EARN,266,266.0
C0017,2024-06-04 09:22:23,O00331,EARN,150,776.0
C0010,2024-06-07 13:08:28,O00294,EARN,95,1182.0
C0019,2024-06-08 15:31:34,O00300,EARN,81,220.0
C0024,2024-06-08 19:37:06,O00305,EARN,149,149.0
C0008,2024-06-09 13:47:46,O00313,REDEEM,-200.0,1089.0
C0008,2024-06-09 13:47:47,O00313,EARN,140,1229.0
C0019,2024-06-09 19:20:42,O00322,REDEEM,-200.0,20.0
C0019,2024-06-09 19:20:43,O00322,EARN,408,428.0
C0017,2024-06-10 08:37:41,O00335,EARN,22,798.0
C0026,2024-06-10 12:51:41,O00314,EARN,258,258.0
C0016,2024-06-10 13:38:37,O00312,REDEEM,-500.0,181.0
C0016,2024-06-10 13:38:38,O00312,EARN,119,300.0
C0002,2024-06-13 11:43:01,O00303,EARN,136,3760.0
C0012,2024-06-13 12:26:56,O00295,REDEEM,-200.0,1232.0
C0012,2024-06-13 12:26:57,O00295,EARN,323,1555.0
C0026,2024-06-15 19:03:27,O00317,EARN,333,591.0
C0008,2024-06-16 08:40:06,O00327,EARN,136,1365.0
C0010,2024-06-16 16:18:13,O00334,EARN,62,1244.0
C0006,2024-06-18 13:30:52,O00337,EARN,94,1753.0
C0019,2024-06-19 15:58:03,O00292,REDEEM,-200.0,228.0
C0019,2024-06-19 15:58:04,O00292,EARN,76,304.0
C0020,2024-06-20 13:52:25,O00323,EARN,61,61.0
C0019,2024-06-20 14:04:44,O00311,EARN,252,556.0
C0027,2024-06-22 20:14:22,O00332,EARN,107,107.0
C0013,2024-06-23 19:06:08,O00301,EARN,212,1160.0
C0016,2024-06-25 14:06:52,O00288,EARN,94,394.0
C0029,2024-06-26 08:01:14,O00302,EARN,139,139.0
C0027,2024-06-26 14:37:56,O00338,EARN,67,174.0
C0020,2024-06-27 09:19:56,O00315,EARN,80,141.0
C0020,2024-06-28 11:52:21,O00329,EARN,214,355.0
C0017,2024-06-28 12:50:53,O00320,EARN,182,980.0
C0018,2024-06-28 15:27:19,O00298,EARN,168,259.0
C0012,2024-06-29 08:07:46,O00296,EARN,462,2017.0
C0004,2024-06-29 14:33:50,O00340,EARN,168,3682.0
C0022,2024-06-30 10:41:15,O00289,EARN,163,379.0
C0014,2024-07-01 14:10:19,O00394,EARN,41,77.0
C0003,2024-07-02 08:59:57,O00364,EARN,197,2774.0
C0010,2024-07-02 13:18:01,O00357,EARN,97,1341.0
C0020,2024-07-03 08:31:03,O00352,REDEEM,-200.0,155.0
C0020,2024-07-03 08:31:04,O00352,EARN,123,278.0
C0023,2024-07-05 11:17:38,O00344,EARN,165,431.0
C0025,2024-07-07 08:48:11,O00372,EARN,104,104.0
C0005,2024-07-08 20:37:26,O00376,EARN,233,1492.0
C0021,2024-07-12 08:53:28,O00358,EARN,55,335.0
C0019,2024-07-12 09:05:21,O00347,EARN,280,836.0
C0018,2024-07-12 12:52:48,O00363,REDEEM,-200.0,59.0
C0018,2024-07-12 12:52:49,O00363,EARN,195,254.0
C0010,2024-07-14 08:49:57,O00389,EARN,254,1595.0
C0024,2024-07-14 09:03:43,O00371,EARN,135,284.0
C0020,2024-07-14 10:40:31,O00361,REDEEM,-200.0,78.0
C0020,2024-07-14 10:40:32,O00361,EARN,202,280.0
C0021,2024-07-14 13:30:23,O00378,REDEEM,-200.0,135.0
C0021,2024-07-14 13:30:24,O00378,EARN,152,287.0
C0020,2024-07-16 20:53:37,O00353,EARN,35,315.0
C0016,2024-07-18 10:31:47,O00368,EARN,115,509.0
C0019,2024-07-19 14:46:29,O00365,REDEEM,-200.0,636.0
C0019,2024-07-19 14:46:30,O00365,EARN,125,761.0
C0011,2024-07-21 15:57:32,O00356,EARN,232,643.0
C0005,2024-07-22 08:46:00,O00345,EARN,197,1689.0
C0029,2024-07-22 14:10:35,O00355,EARN,274,413.0
C0021,2024-07-23 17:54:34,O00383,EARN,113,400.0
C0006,2024-07-24 10:27:13,O00380,EARN,78,1831.0
C0023,2024-07-26 18:11:22,O00393,REDEEM,-200.0,231.0
C0023,2024-07-26 18:11:23,O00393,EARN,243,474.0
C0008,2024-07-26 20:48:05,O00362,EARN,123,1488.0
C0001,2024-07-27 13:25:47,O00379,EARN,64,2850.0
C0015,2024-07-27 15:44:54,O00370,EARN,243,745.0
C0008,2024-07-27 17:01:20,O00366,EARN,176,1664.0
C0013,2024-07-28 17:44:27,O00382,EARN,126,1286.0
C0033,2024-07-29 08:31:08,O00385,EARN,41,41.0
C0011,2024-07-29 09:39:30,O00386,EARN,58,701.0
C0005,2024-07-31 12:54:27,O00373,EARN,51,1740.0
C0002,2024-08-02 10:30:59,O00420,EARN,95,3855.0
C0032,2024-08-02 15:06:32,O00431,EARN,21,21.0
C0028,2024-08-03 14:44:42,O00404,EARN,26,26.0
C0030,2024-08-07 13:05:31,O00453,EARN,171,171.0
C0008,2024-08-08 17:33:31,O00402,EARN,86,1750.0
C0005,2024-08-11 10:34:44,O00434,EARN,154,1894.0
C0029,2024-08-11 10:43:32,O00449,EARN,8,421.0
C0009,2024-08-11 14:46:17,O00413,REDEEM,-500.0,925.0
C0009,2024-08-11 14:46:18,O00413,EARN,97,1022.0
C0024,2024-08-12 09:46:13,O00435,EARN,88,372.0
C0023,2024-08-13 09:39:24,O00417,EARN,81,555.0
C0011,2024-08-13 20:15:42,O00422,EARN,418,1119.0
C0015,2024-08-15 10:48:46,O00425,EARN,148,893.0
C0004,2024-08-15 16:26:13,O00419,EARN,295,3977.0
C0022,2024-08-15 19:02:41,O00415,EARN,134,513.0
C0018,2024-08-17 08:33:49,O00401,EARN,304,558.0
C0029,2024-08-18 18:23:52,O00440,EARN,537,958.0
C0008,2024-08-18 20:12:29,O00430,EARN,115,1865.0
C0019,2024-08-19 09:12:28,O00400,EARN,330,1091.0
C0004,2024-08-20 17:19:07,O00424,EARN,74,4051.0
C0009,2024-08-20 18:14:17,O00414,EARN,17,1039.0
C0031,2024-08-20 19:50:16,O00403,EARN,185,185.0
C0033,2024-08-23 16:50:00,O00455,EARN,79,120.0
C0016,2024-08-25 11:17:57,O00456,EARN,52,561.0
C0034,2024-08-25 17:38:48,O00458,EARN,277,277.0
C0004,2024-08-25 19:38:25,O00433,EARN,208,4259.0
C0019,2024-08-25 20:00:50,O00411,EARN,321,1412.0
C0009,2024-08-27 11:22:45,O00412,EARN,204,1243.0
C0022,2024-09-01 18:09:40,O00491,EARN,287,800.0
C0012,2024-09-03 12:04:04,O00512,EARN,2,2019.0
C0038,2024-09-04 09:57:59,O00475,EARN,128,128.0
C0027,2024-09-04 11:48:03,O00484,EARN,356,530.0
C0022,2024-09-05 20:28:51,O00508,EARN,54,854.0
C0002,2024-09-06 10:05:03,O00467,EARN,74,3929.0
C0020,2024-09-06 11:00:49,O00462,EARN,280,595.0
C0019,2024-09-07 10:01:09,O00464,EARN,90,1502.0
C0011,2024-09-07 17:37:36,O00487,EARN,150,1269.0
C0015,2024-09-07 19:24:18,O00460,EARN,280,1173.0
C0023,2024-09-08 10:55:50,O00510,EARN,49,604.0
C0038,2024-09-09 09:18:27,O00513,EARN,240,368.0
C0005,2024-09-09 18:57:18,O00500,EARN,175,2069.0
C0024,2024-09-10 09:12:42,O00492,EARN,258,630.0
C0026,2024-09-11 08:06:00,O00507,EARN,199,790.0
C0010,2024-09-12 09:03:36,O00493,EARN,385,1980.0
C0004,2024-09-12 14:47:20,O00495,EARN,30,4289.0
C0021,2024-09-12 16:47:23,O00476,EARN,170,570.0
C0015,2024-09-13 17:38:38,O00499,EARN,65,1238.0
C0036,2024-09-14 11:18:31,O00469,EARN,113,113.0
C0015,2024-09-15 15:56:06,O00494,EARN,195,1433.0
C0021,2024-09-16 18:05:03,O00506,EARN,58,628.0
C0041,2024-09-16 19:43:45,O00463,EARN,194,194.0
C0017,2024-09-17 11:47:07,O00501,EARN,68,1048.0
C0028,2024-09-17 12:48:44,O00466,EARN,251,277.0
C0008,2024-09-20 13:06:18,O00474,EARN,201,2066.0
C0034,2024-09-21 15:48:19,O00472,EARN,78,355.0
C0009,2024-09-22 18:20:10,O00479,EARN,379,1622.0
C0006,2024-09-24 13:17:20,O00465,EARN,95,1926.0
C0001,2024-09-24 16:02:34,O00459,EARN,106,2956.0
C0033,2024-09-25 14:36:27,O00478,EARN,110,230.0
C0032,2024-09-27 08:52:19,O00489,EARN,74,95.0
C0040,2024-09-28 12:19:07,O00498,EARN,217,217.0
C0012,2024-09-28 13:48:42,O00502,EARN,73,2092.0
C0039,2024-09-29 16:26:58,O00488,EARN,122,122.0
C0022,2024-09-29 17:16:31,O00471,EARN,76,930.0
C0013,2024-09-30 10:20:06,O00503,EARN,10,1296.0
C0026,2024-09-30 19:22:21,O00481,EARN,22,812.0
C0019,2024-10-03 15:59:57,O00561,EARN,174,1676.0
C0010,2024-10-05 14:46:20,O00517,EARN,90,2070.0
C0013,2024-10-06 10:22:33,O00550,EARN,166,1462.0
C0044,2024-10-06 19:03:12,O00549,EARN,207,207.0
C0033,2024-10-07 10:10:35,O00570,EARN,89,319.0
C0036,2024-10-09 13:39:26,O00537,EARN,48,161.0
C0049,2024-10-10 13:20:08,O00547,EARN,106,106.0
C0037,2024-10-12 12:06:51,O00562,EARN,266,266.0
C0030,2024-10-12 18:11:22,O00535,EARN,83,254.0
C0043,2024-10-12 19:02:49,O00544,EARN,89,89.0
C0024,2024-10-12 20:29:25,O00525,EARN,36,666.0
C0027,2024-10-13 12:30:45,O00555,EARN,317,847.0
C0003,2024-10-14 17:18:09,O00540,EARN,86,2860.0
C0031,2024-10-15 13:22:11,O00574,EARN,145,330.0
C0011,2024-10-18 13:09:14,O00516,EARN,161,1430.0
C0030,2024-10-18 20:51:22,O00524,EARN,120,374.0
C0024,2024-10-19 17:36:17,O00543,EARN,146,812.0
C0003,2024-10-19 19:15:39,O00529,EARN,249,3109.0
C0032,2024-10-21 16:40:38,O00560,EARN,38,133.0
C0042,2024-10-22 12:44:47,O00573,EARN,291,291.0
C0011,2024-10-24 12:18:34,O00532,EARN,92,1522.0
C0012,2024-10-24 14:47:32,O00534,EARN,222,2314.0
C0022,2024-10-25 08:21:55,O00520,EARN,266,1196.0
C0037,2024-10-25 12:16:12,O00519,EARN,231,497.0
C0026,2024-10-25 17:59:46,O00546,EARN,176,988.0
C0021,2024-10-26 12:07:34,O00564,EARN,397,1025.0
C0004,2024-10-26 12:53:56,O00567,EARN,72,4361.0
C0050,2024-10-26 16:36:08,O00545,EARN,19,19.0
C0019,2024-10-26 17:26:14,O00523,EARN,141,1817.0
C0007,2024-10-27 12:36:14,O00538,EARN,300,2201.0
C0004,2024-10-30 11:34:47,O00569,EARN,14,4375.0
C0010,2024-10-30 17:28:46,O00521,EARN,74,2144.0
C0042,2024-10-31 13:31:55,O00558,EARN,63,354.0
C0001,2024-10-31 18:56:49,O00554,EARN,44,3000.0
C0027,2024-11-01 08:36:10,O00585,EARN,86,933.0
C0050,2024-11-01 10:13:04,O00600,EARN,176,195.0
C0022,2024-11-01 10:22:52,O00602,EARN,235,1431.0
C0039,2024-11-02 11:02:11,O00628,EARN,42,164.0
C0020,2024-11-02 18:14:06,O00634,EARN,179,774.0
C0014,2024-11-07 18:16:16,O00581,EARN,81,158.0
C0054,2024-11-08 19:31:36,O00614,EARN,134,134.0
C0016,2024-11-09 14:55:53,O00604,EARN,264,825.0
C0008,2024-11-10 08:40:41,O00627,EARN,326,2392.0
C0043,2024-11-10 11:54:32,O00575,EARN,179,268.0
C0026,2024-11-11 10:15:03,O00588,EARN,95,1083.0
C0032,2024-11-12 17:23:42,O00616,EARN,42,175.0
C0028,2024-11-12 20:37:06,O00615,EARN,52,329.0
C0050,2024-11-13 08:42:26,O00611,EARN,158,353.0
C0046,2024-11-14 15:28:41,O00620,EARN,166,166.0
C0008,2024-11-14 16:59:14,O00601,EARN,146,2538.0
C0009,2024-11-14 18:37:09,O00609,EARN,14,1636.0
C0031,2024-11-15 09:34:21,O00578,EARN,62,392.0
C0041,2024-11-15 13:18:20,O00637,EARN,247,441.0
C0020,2024-11-15 14:29:59,O00583,EARN,309,1083.0
C0021,2024-11-16 09:09:17,O00598,EARN,196,1221.0
C0006,2024-11-16 20:41:09,O00593,EARN,133,2059.0
C0003,2024-11-17 16:36:11,O00576,EARN,270,3379.0
C0046,2024-11-20 15:32:48,O00607,EARN,301,467.0
C0028,2024-11-20 19:13:53,O00606,EARN,40,369.0
C0010,2024-11-22 10:23:32,O00625,EARN,62,2206.0
C0055,2024-11-22 12:32:15,O00587,EARN,233,233.0
C0001,2024-11-23 09:27:01,O00626,EARN,95,3095.0
C0008,2024-11-23 13:01:54,O00595,EARN,92,2630.0
C0016,2024-11-23 15:43:53,O00580,EARN,402,1227.0
C0014,2024-11-25 08:54:08,O00610,EARN,193,351.0
C0009,2024-11-25 14:38:05,O00577,EARN,126,1762.0
C0024,2024-11-25 18:58:32,O00617,EARN,99,911.0
C0044,2024-11-27 15:45:35,O00633,EARN,83,290.0
C0009,2024-11-29 10:11:19,O00590,EARN,120,1882.0
C0012,2024-12-01 17:22:23,O00647,EARN,221,2535.0
C0056,2024-12-02 14:24:10,O00701,EARN,65,65.0
C0058,2024-12-03 09:25:47,O00677,EARN,371,371.0
C0012,2024-12-06 09:34:19,O00698,EARN,59,2594.0
C0022,2024-12-06 16:19:45,O00687,EARN,189,1620.0
C0064,2024-12-07 16:26:05,O00650,EARN,205,205.0
C0035,2024-12-08 12:16:53,O00697,EARN,153,153.0
C0004,2024-12-09 14:57:17,O00716,EARN,193,4568.0
C0027,2024-12-12 20:12:55,O00711,EARN,59,992.0
C0031,2024-12-13 20:10:21,O00654,EARN,73,465.0
C0023,2024-12-14 18:48:54,O00644,EARN,108,712.0
C0036,2024-12-15 19:28:04,O00696,EARN,82,243.0
C0058,2024-12-17 16:19:35,O00652,EARN,135,506.0
C0014,2024-12-20 11:56:20,O00659,EARN,260,611.0
C0046,2024-12-20 20:09:57,O00703,EARN,192,659.0
C0019,2024-12-21 19:06:00,O00718,EARN,187,2004.0
C0059,2024-12-22 19:48:34,O00667,EARN,117,117.0
C0022,2024-12-24 09:12:16,O00717,EARN,228,1848.0
C0065,2024-12-25 08:22:49,O00702,EARN,45,45.0
C0055,2024-12-25 18:39:12,O00649,EARN,69,302.0
C0003,2024-12-26 13:00:51,O00662,EARN,47,3426.0
C0045,2024-12-28 14:29:45,O00715,EARN,208,208.0
C0026,2024-12-28 15:17:31,O00678,EARN,43,1126.0
C0026,2024-12-29 19:21:23,O00684,EARN,137,1263.0
C0042,2024-12-30 17:00:33,O00655,EARN,98,452.0
C0010,2024-12-30 18:31:24,O00700,EARN,60,2266.0
C0036,2024-12-31 08:25:41,O00653,EARN,92,335.0
C0068,2024-12-31 13:14:21,O00694,EARN,90,90.0
C0066,2024-12-31 13:15:31,O00693,EARN,314,314.0
C0015,2024-12-31 20:43:13,O00719,EARN,85,1518.0
C0060,2025-01-01 11:02:58,O00767,EARN,143,143.0
C0035,2025-01-02 11:56:57,O00742,EARN,233,386.0
C0061,2025-01-02 20:31:26,O00729,EARN,116,116.0
C0017,2025-01-03 11:49:53,O00735,EARN,89,1137.0
C0026,2025-01-03 15:10:24,O00757,EARN,171,1434.0
C0019,2025-01-03 17:41:05,O00772,EARN,315,2319.0
C0030,2025-01-03 18:22:30,O00785,EARN,405,779.0
C0024,2025-01-04 16:02:58,O00759,EARN,24,935.0
C0017,2025-01-05 11:41:04,O00760,EARN,116,1253.0
C0044,2025-01-06 10:49:38,O00733,EARN,139,429.0
C0006,2025-01-06 14:43:50,O00745,EARN,272,2331.0
C0066,2025-01-07 15:03:47,O00758,EARN,248,562.0
C0057,2025-01-07 18:40:34,O00775,EARN,434,434.0
C0070,2025-01-07 18:40:52,O00721,EARN,168,168.0
C0017,2025-01-07 19:49:05,O00770,EARN,214,1467.0
C0036,2025-01-09 08:13:12,O00769,EARN,107,442.0
C0022,2025-01-09 12:07:40,O00754,EARN,213,2061.0
C0069,2025-01-11 09:24:54,O00763,EARN,208,208.0
C0028,2025-01-11 10:44:25,O00771,EARN,92,461.0
C0062,2025-01-11 15:45:04,O00755,EARN,155,155.0
C0018,2025-01-11 16:32:58,O00752,EARN,108,666.0
C0012,2025-01-13 13:55:09,O00723,EARN,144,2738.0
C0019,2025-01-13 18:12:49,O00736,EARN,127,2446.0
C0059,2025-01-14 12:43:43,O00741,EARN,200,317.0
C0037,2025-01-15 09:08:36,O00724,EARN,199,696.0
C0021,2025-01-15 10:35:26,O00783,EARN,131,1352.0
C0019,2025-01-17 11:03:42,O00740,EARN,50,2496.0
C0023,2025-01-18 14:28:22,O00765,EARN,78,790.0
C0015,2025-01-18 19:47:16,O00778,EARN,173,1691.0
C0011,2025-01-18 20:55:42,O00748,EARN,80,1602.0
C0033,2025-01-20 14:36:50,O00731,EARN,135,454.0
C0028,2025-01-21 20:31:05,O00734,EARN,252,713.0
C0023,2025-01-22 13:56:17,O00786,EARN,135,925.0
C0021,2025-01-22 15:00:41,O00777,EARN,78,1430.0
C0064,2025-01-24 10:49:20,O00744,EARN,137,342.0
C0013,2025-01-26 19:32:54,O00773,EARN,164,1626.0
C0049,2025-01-28 10:10:54,O00737,EARN,194,300.0
C0061,2025-01-28 18:45:53,O00730,EARN,91,207.0
C0004,2025-01-31 09:03:10,O00779,EARN,86,4654.0
C0060,2025-01-31 20:52:12,O00766,EARN,111,254.0
C0018,2025-02-01 12:26:35,O00854,EARN,218,884.0
C0032,2025-02-01 12:31:36,O00813,EARN,145,320.0
C0018,2025-02-02 15:56:18,O00807,EARN,191,1075.0
C0067,2025-02-02 17:48:27,O00826,EARN,284,284.0
C0038,2025-02-02 20:42:55,O00822,EARN,126,494.0
C0030,2025-02-03 15:47:01,O00795,EARN,283,1062.0
C0005,2025-02-03 19:50:49,O00860,EARN,268,2337.0
C0055,2025-02-04 16:10:59,O00806,EARN,135,437.0
C0026,2025-02-05 11:14:38,O00819,EARN,154,1588.0
C0070,2025-02-05 16:46:11,O00803,EARN,17,185.0
C0046,2025-02-05 16:59:08,O00818,EARN,192,851.0
C0049,2025-02-06 09:56:41,O00849,EARN,98,398.0
C0005,2025-02-06 15:51:01,O00792,EARN,256,2593.0
C0026,2025-02-07 08:47:39,O00821,EARN,140,1728.0
C0046,2025-02-07 09:51:13,O00863,EARN,116,967.0
C0022,2025-02-07 11:58:48,O00837,EARN,188,2249.0
C0048,2025-02-07 17:05:39,O00811,EARN,50,50.0
C0075,2025-02-09 10:09:02,O00856,EARN,102,102.0
C0043,2025-02-09 10:14:20,O00801,EARN,199,467.0
C0011,2025-02-09 12:38:26,O00838,EARN,39,1641.0
C0001,2025-02-09 15:33:49,O00847,EARN,171,3266.0
C0019,2025-02-10 13:46:44,O00798,EARN,119,2615.0
C0032,2025-02-10 14:52:38,O00844,EARN,117,437.0
C0055,2025-02-10 15:59:02,O00797,EARN,196,633.0
C0061,2025-02-12 19:35:35,O00832,EARN,278,485.0
C0006,2025-02-13 09:42:07,O00842,EARN,175,2506.0
C0010,2025-02-15 12:36:02,O00840,EARN,100,2366.0
C0017,2025-02-15 15:46:55,O00852,EARN,145,1612.0
C0028,2025-02-15 17:50:11,O00793,EARN,141,854.0
C0065,2025-02-16 16:34:00,O00804,EARN,176,221.0
C0004,2025-02-16 17:24:02,O00835,EARN,58,4712.0
C0034,2025-02-18 08:07:38,O00816,EARN,166,521.0
C0021,2025-02-18 11:04:17,O00831,EARN,171,1601.0
C0063,2025-02-19 09:17:18,O00794,EARN,124,124.0
C0024,2025-02-19 12:24:44,O00800,EARN,62,997.0
C0041,2025-02-19 16:41:59,O00788,EARN,146,587.0
C0050,2025-02-21 08:29:13,O00820,EARN,41,394.0
C0054,2025-02-21 08:46:59,O00861,EARN,73,207.0
C0056,2025-02-21 08:47:49,O00857,EARN,183,248.0
C0039,2025-02-21 12:29:02,O00790,EARN,202,366.0
C0058,2025-02-21 12:53:25,O00828,EARN,204,710.0
C0065,2025-02-21 14:29:33,O00851,EARN,340,561.0
C0022,2025-02-21 16:19:21,O00846,EARN,12,2261.0
C0059,2025-02-22 19:05:18,O00859,EARN,109,426.0
C0054,2025-02-23 08:15:32,O00845,EARN,209,416.0
C0075,2025-02-23 11:00:11,O00850,EARN,179,281.0
C0042,2025-02-23 20:04:30,O00808,EARN,180,632.0
C0004,2025-02-24 14:43:51,O00802,EARN,44,4756.0
C0009,2025-02-24 16:24:41,O00815,EARN,141,2023.0
C0010,2025-02-25 09:06:30,O00827,EARN,93,2459.0
C0060,2025-02-25 15:08:34,O00864,EARN,174,428.0
C0017,2025-02-25 16:17:31,O00817,EARN,10,1622.0
C0050,2025-02-26 12:22:10,O00833,EARN,125,519.0
C0063,2025-02-26 19:51:24,O00805,EARN,202,326.0
C0059,2025-02-27 20:17:02,O00853,EARN,137,563.0
C0005,2025-02-27 20:37:59,O00829,EARN,139,2732.0
C0067,2025-02-28 09:18:53,O00796,EARN,140,424.0
C0042,2025-02-28 11:13:30,O00799,EARN,59,691.0
C0056,2025-02-28 14:11:07,O00789,EARN,176,424.0
C0076,2025-02-28 14:18:28,O00839,EARN,249,249.0
C0049,2025-02-28 16:34:23,O00810,EARN,297,695.0
C0016,2025-03-01 08:06:25,O00895,EARN,133,1360.0
C0078,2025-03-01 16:34:07,O00872,EARN,213,213.0
C0021,2025-03-02 11:41:23,O00925,EARN,202,1803.0
C0058,2025-03-02 14:32:39,O00914,EARN,61,771.0
C0021,2025-03-03 12:19:37,O00880,EARN,135,1938.0
C0026,2025-03-05 10:55:14,O00931,EARN,11,1739.0
C0056,2025-03-06 11:38:28,O00870,EARN,90,514.0
C0006,2025-03-07 10:24:44,O00892,EARN,696,3202.0
C0035,2025-03-07 20:46:49,O00905,EARN,15,401.0
C0029,2025-03-08 20:33:15,O00874,EARN,46,1004.0
C0077,2025-03-09 10:32:27,O00927,EARN,78,78.0
C0034,2025-03-09 11:40:16,O00929,EARN,42,563.0
C0029,2025-03-09 13:22:23,O00888,EARN,92,1096.0
C0041,2025-03-09 13:44:16,O00910,EARN,126,713.0
C0025,2025-03-10 12:40:34,O00906,EARN,144,248.0
C0039,2025-03-12 13:20:28,O00868,EARN,103,469.0
C0061,2025-03-13 09:53:52,O00867,EARN,67,552.0
C0026,2025-03-13 13:37:40,O00881,EARN,40,1779.0
C0064,2025-03-14 14:52:58,O00924,EARN,127,469.0
C0041,2025-03-14 18:43:58,O00893,EARN,79,792.0
C0020,2025-03-15 10:27:06,O00871,EARN,129,1212.0
C0024,2025-03-15 13:35:28,O00902,EARN,6,1003.0
C0066,2025-03-16 11:14:41,O00916,EARN,33,595.0
C0028,2025-03-16 17:05:55,O00917,EARN,74,928.0
C0002,2025-03-16 18:03:06,O00875,EARN,192,4121.0
C0041,2025-03-17 13:43:18,O00877,EARN,21,813.0
C0080,2025-03-18 13:41:23,O00869,EARN,163,163.0
C0029,2025-03-22 10:09:11,O00887,EARN,77,1173.0
C0024,2025-03-22 14:57:52,O00878,EARN,128,1131.0
C0045,2025-03-23 10:52:21,O00896,EARN,264,472.0
C0013,2025-03-24 10:34:04,O00873,EARN,62,1688.0
C0084,2025-03-24 11:06:49,O00923,EARN,31,31.0
C0041,2025-03-25 16:57:41,O00908,EARN,33,846.0
C0044,2025-03-26 10:22:30,O00866,EARN,117,546.0
C0008,2025-03-27 12:21:42,O00907,EARN,387,3017.0
C0008,2025-03-27 12:38:19,O00926,EARN,222,3239.0
C0013,2025-03-28 11:05:06,O00921,EARN,216,1904.0
C0068,2025-03-28 12:18:30,O00904,EARN,205,295.0
C0049,2025-03-28 15:53:50,O00912,EARN,437,1132.0
C0042,2025-03-28 16:59:39,O00909,EARN,65,756.0
C0020,2025-03-28 20:55:13,O00901,EARN,66,1278.0
C0080,2025-03-29 19:28:33,O00894,EARN,41,204.0
C0060,2025-03-29 20:14:25,O00899,EARN,63,491.0
C0022,2025-03-31 10:23:14,O00932,EARN,282,2543.0
C0047,2025-04-02 08:00:52,O00942,EARN,106,106.0
C0032,2025-04-02 10:02:04,O00944,EARN,55,492.0
C0031,2025-04-02 16:23:59,O00936,EARN,112,577.0
C0062,2025-04-02 19:48:50,O00963,EARN,33,188.0
C0079,2025-04-03 14:14:15,O00938,EARN,226,226.0
C0078,2025-04-03 19:26:11,O00994,EARN,164,377.0
C0037,2025-04-04 16:26:55,O00946,EARN,343,1039.0
C0054,2025-04-04 17:14:40,O00950,EARN,87,503.0
C0016,2025-04-05 17:17:48,O00953,EARN,181,1541.0
C0013,2025-04-06 18:56:55,O00957,EARN,82,1986.0
C0057,2025-04-07 14:12:19,O01014,EARN,225,659.0
C0036,2025-04-07 15:26:51,O00941,EARN,92,534.0
C0021,2025-04-10 16:59:15,O01017,EARN,153,2091.0
C0042,2025-04-10 19:00:35,O01018,EARN,161,917.0
C0078,2025-04-11 08:39:58,O00958,EARN,319,696.0
C0069,2025-04-11 16:17:46,O00952,EARN,246,454.0
C0011,2025-04-11 18:26:32,O00980,EARN,197,1838.0
C0005,2025-04-13 12:15:16,O00981,EARN,281,3013.0
C0059,2025-04-13 13:59:34,O00968,EARN,199,762.0
C0043,2025-04-13 15:14:20,O00992,EARN,170,637.0
C0034,2025-04-13 19:43:16,O00990,EARN,283,846.0
C0022,2025-04-13 20:50:28,O00969,EARN,220,2763.0
C0074,2025-04-14 11:31:22,O00985,EARN,172,172.0
C0057,2025-04-14 17:53:18,O00975,EARN,57,716.0
C0024,2025-04-14 19:46:41,O00999,EARN,262,1393.0
C0035,2025-04-15 14:19:57,O01012,EARN,158,559.0
C0047,2025-04-15 19:38:46,O00998,EARN,93,199.0
C0017,2025-04-16 10:47:28,O01015,EARN,85,1707.0
C0089,2025-04-16 13:15:59,O01001,EARN,135,135.0
C0059,2025-04-16 18:46:01,O01006,EARN,400,1162.0
C0003,2025-04-17 11:57:25,O00948,REDEEM,-1000.0,2426.0
C0003,2025-04-17 11:57:26,O00948,EARN,181,2607.0
C0047,2025-04-17 11:57:26,O01013,EARN,116,315.0
C0065,2025-04-18 15:30:15,O00991,EARN,178,739.0
C0006,2025-04-19 10:42:24,O00978,EARN,248,3450.0
C0075,2025-04-19 12:59:06,O00995,EARN,107,388.0
C0037,2025-04-20 10:17:53,O01009,EARN,226,1265.0
C0051,2025-04-21 08:14:51,O00951,EARN,200,200.0
C0014,2025-04-22 13:37:10,O01008,EARN,235,846.0
C0021,2025-04-22 17:34:11,O00966,EARN,162,2253.0
C0023,2025-04-22 20:59:01,O00982,EARN,84,1009.0
C0004,2025-04-23 12:07:19,O01011,EARN,164,4920.0
C0062,2025-04-23 15:21:45,O01010,EARN,67,255.0
C0076,2025-04-23 18:21:12,O00987,EARN,153,402.0
C0030,2025-04-24 11:23:09,O00954,EARN,409,1471.0
C0006,2025-04-24 12:33:51,O00964,EARN,162,3612.0
C0030,2025-04-24 16:30:35,O01007,EARN,240,1711.0
C0093,2025-04-25 12:43:31,O00988,EARN,296,296.0
C0014,2025-04-25 16:26:24,O00949,EARN,290,1136.0
C0007,2025-04-25 20:02:22,O00937,EARN,46,2247.0
C0057,2025-04-26 18:51:02,O01005,EARN,225,941.0
C0085,2025-04-27 08:25:00,O00979,EARN,340,340.0
C0004,2025-04-27 08:34:01,O00967,EARN,228,5148.0
C0016,2025-04-27 12:27:27,O00976,EARN,502,2043.0
C0093,2025-04-27 16:00:12,O00939,EARN,67,363.0
C0075,2025-04-29 12:28:08,O00993,EARN,39,427.0
C0026,2025-04-29 13:35:58,O01002,EARN,155,1934.0
C0090,2025-04-29 15:47:58,O00956,EARN,102,102.0
C0079,2025-04-29 19:28:59,O01003,EARN,216,442.0
C0014,2025-04-29 20:21:40,O00989,EARN,301,1437.0
C0092,2025-05-03 17:03:03,O01064,EARN,195,195.0
C0008,2025-05-03 17:35:39,O01077,EARN,131,3370.0
C0093,2025-05-03 18:38:01,O01050,EARN,156,519.0
C0078,2025-05-04 11:16:49,O01038,EARN,99,795.0
C0006,2025-05-04 14:55:36,O01053,EARN,75,3687.0
C0056,2025-05-04 17:07:11,O01058,EARN,225,739.0
C0084,2025-05-05 10:27:53,O01048,EARN,172,203.0
C0034,2025-05-06 11:47:09,O01040,EARN,135,981.0
C0009,2025-05-06 20:18:33,O01078,EARN,262,2285.0
C0090,2025-05-07 12:41:59,O01081,EARN,306,408.0
C0042,2025-05-08 19:59:46,O01046,EARN,165,1082.0
C0011,2025-05-09 17:55:01,O01067,EARN,244,2082.0
C0021,2025-05-09 19:48:40,O01069,EARN,167,2420.0
C0049,2025-05-10 16:31:26,O01086,EARN,145,1277.0
C0067,2025-05-11 17:50:06,O01062,EARN,73,497.0
C0047,2025-05-12 16:26:57,O01082,EARN,254,569.0
C0084,2025-05-13 19:01:42,O01037,EARN,135,338.0
C0083,2025-05-15 18:11:45,O01028,EARN,279,279.0
C0060,2025-05-16 10:52:27,O01076,EARN,18,509.0
C0092,2025-05-16 15:58:00,O01068,EARN,111,306.0
C0020,2025-05-17 08:09:41,O01063,EARN,117,1395.0
C0089,2025-05-17 15:40:22,O01070,EARN,198,333.0
C0093,2025-05-18 13:34:53,O01066,EARN,109,628.0
C0026,2025-05-18 15:05:45,O01072,EARN,195,2129.0
C0090,2025-05-18 18:27:00,O01073,EARN,162,570.0
C0013,2025-05-20 08:33:34,O01057,EARN,110,2096.0
C0026,2025-05-22 12:21:37,O01041,EARN,101,2230.0
C0037,2025-05-22 18:40:56,O01085,EARN,99,1364.0
C0001,2025-05-23 17:08:04,O01026,EARN,126,3392.0
C0067,2025-05-23 19:03:29,O01080,EARN,395,892.0
C0071,2025-05-24 12:27:17,O01021,EARN,117,117.0
C0022,2025-05-24 13:18:33,O01055,EARN,46,2809.0
C0084,2025-05-24 14:34:18,O01019,EARN,121,459.0
C0016,2025-05-24 16:42:24,O01042,EARN,210,2253.0
C0080,2025-05-24 17:39:49,O01033,EARN,140,344.0
C0001,2025-05-24 20:53:11,O01024,EARN,167,3559.0
C0068,2025-05-26 13:16:59,O01036,EARN,23,318.0
C0087,2025-05-28 08:59:37,O01032,EARN,379,379.0
C0072,2025-05-28 11:28:52,O01074,EARN,94,94.0
C0067,2025-05-28 12:35:37,O01061,EARN,31,923.0
C0021,2025-05-28 16:26:04,O01052,EARN,203,2623.0
C0024,2025-05-29 16:21:41,O01020,EARN,128,1521.0
C0060,2025-05-30 17:28:40,O01056,EARN,84,593.0
C0022,2025-06-01 10:05:10,O01096,EARN,563,3372.0
C0036,2025-06-01 13:40:31,O01087,EARN,75,609.0
C0027,2025-06-01 14:28:46,O01133,EARN,189,1181.0
C0085,2025-06-03 08:02:02,O01136,EARN,291,631.0
C0077,2025-06-04 14:50:36,O01103,EARN,67,145.0
C0100,2025-06-06 14:34:48,O01135,EARN,350,350.0
C0025,2025-06-06 16:36:17,O01157,EARN,215,463.0
C0092,2025-06-06 17:05:57,O01109,EARN,49,355.0
C0002,2025-06-07 16:19:03,O01122,EARN,46,4167.0
C0093,2025-06-08 16:27:02,O01142,EARN,189,817.0
C0065,2025-06-08 18:47:17,O01123,EARN,37,776.0
C0069,2025-06-11 15:44:57,O01092,EARN,247,701.0
C0102,2025-06-12 12:11:58,O01111,EARN,323,323.0
C0057,2025-06-12 17:35:35,O01110,EARN,177,1118.0
C0024,2025-06-12 17:46:42,O01089,EARN,232,1753.0
C0020,2025-06-14 18:56:07,O01141,EARN,187,1582.0
C0003,2025-06-15 10:59:58,O01152,EARN,170,2777.0
C0046,2025-06-15 17:52:20,O01105,EARN,63,1030.0
C0035,2025-06-17 13:10:14,O01154,EARN,53,612.0
C0014,2025-06-17 19:03:37,O01148,EARN,176,1613.0
C0043,2025-06-18 18:38:39,O01149,EARN,45,682.0
C0055,2025-06-20 12:10:59,O01145,EARN,241,874.0
C0071,2025-06-20 12:16:30,O01146,EARN,136,253.0
C0051,2025-06-20 16:25:04,O01098,EARN,125,325.0
C0008,2025-06-20 16:56:31,O01088,EARN,33,3403.0
C0045,2025-06-20 20:44:10,O01153,EARN,304,776.0
C0009,2025-06-21 20:09:28,O01131,EARN,374,2659.0
C0090,2025-06-23 17:44:32,O01106,EARN,99,669.0
C0071,2025-06-23 19:08:36,O01125,EARN,57,310.0
C0058,2025-06-25 12:13:38,O01128,EARN,302,1073.0
C0021,2025-06-25 13:05:48,O01095,EARN,301,2924.0
C0097,2025-06-25 16:33:31,O01134,EARN,475,475.0
C0066,2025-06-26 08:28:03,O01101,EARN,96,691.0
C0023,2025-06-26 08:56:40,O01132,EARN,38,1047.0
C0092,2025-06-26 19:08:31,O01140,EARN,195,550.0
C0038,2025-06-27 19:38:35,O01144,EARN,108,602.0
C0100,2025-06-29 12:16:54,O01139,EARN,162,512.0
C0024,2025-06-29 15:45:36,O01114,EARN,152,1905.0
C0054,2025-06-29 18:12:27,O01127,EARN,28,531.0
C0050,2025-06-30 09:45:50,O01094,EARN,102,621.0
C0026,2025-06-30 19:42:29,O01124,EARN,17,2247.0
C0100,2025-07-01 12:10:07,O01216,EARN,116,628.0
C0085,2025-07-02 15:47:25,O01181,EARN,111,742.0
C0050,2025-07-03 11:15:22,O01219,EARN,103,724.0
C0079,2025-07-04 17:32:04,O01214,EARN,233,675.0
C0056,2025-07-05 08:23:23,O01213,EARN,99,838.0
C0019,2025-07-05 11:28:44,O01201,EARN,250,2865.0
C0096,2025-07-05 18:55:33,O01211,EARN,124,124.0
C0106,2025-07-07 17:21:47,O01209,EARN,213,213.0
C0097,2025-07-08 10:21:14,O01187,EARN,304,779.0
C0026,2025-07-08 16:29:20,O01163,EARN,103,2350.0
C0003,2025-07-10 14:29:31,O01225,EARN,90,2867.0
C0080,2025-07-11 13:20:33,O01208,EARN,157,501.0
C0054,2025-07-11 15:22:24,O01220,EARN,52,583.0
C0051,2025-07-11 18:24:11,O01199,EARN,63,388.0
C0025,2025-07-12 13:34:20,O01176,EARN,26,489.0
C0079,2025-07-12 20:41:51,O01185,EARN,287,962.0
C0014,2025-07-13 16:39:58,O01200,EARN,18,1631.0
C0087,2025-07-13 20:52:49,O01223,EARN,158,537.0
C0108,2025-07-14 08:30:02,O01191,EARN,105,105.0
C0072,2025-07-14 13:55:37,O01160,EARN,111,205.0
C0106,2025-07-15 12:57:27,O01215,EARN,229,442.0
C0029,2025-07-16 08:31:05,O01194,EARN,135,1308.0
C0052,2025-07-16 16:37:42,O01192,EARN,139,139.0
C0024,2025-07-18 15:25:40,O01174,EARN,82,1987.0
C0098,2025-07-18 17:13:54,O01183,EARN,215,215.0
C0087,2025-07-19 09:27:45,O01172,EARN,247,784.0
C0086,2025-07-19 10:55:28,O01203,EARN,292,292.0
C0049,2025-07-19 12:10:22,O01167,EARN,64,1341.0
C0059,2025-07-19 15:20:25,O01186,EARN,438,1600.0
C0011,2025-07-20 15:56:03,O01171,EARN,58,2140.0
C0094,2025-07-22 20:28:25,O01161,EARN,269,269.0
C0062,2025-07-23 12:03:12,O01159,EARN,31,286.0
C0023,2025-07-24 08:31:44,O01210,EARN,87,1134.0
C0032,2025-07-24 14:59:01,O01179,EARN,161,653.0
C0103,2025-07-25 09:06:28,O01184,EARN,179,179.0
C0011,2025-07-26 18:48:25,O01207,EARN,76,2216.0
C0061,2025-07-27 08:16:37,O01165,EARN,536,1088.0
C0055,2025-07-27 12:41:52,O01193,EARN,317,1191.0
C0084,2025-07-27 15:58:49,O01173,EARN,95,554.0
C0047,2025-07-27 19:27:46,O01188,REDEEM,-500.0,69.0
C0047,2025-07-27 19:27:47,O01188,EARN,116,185.0
C0083,2025-07-28 16:19:15,O01218,EARN,144,423.0
C0073,2025-07-28 17:37:27,O01177,EARN,479,479.0
C0071,2025-07-29 18:05:10,O01217,EARN,365,675.0
C0074,2025-07-30 20:59:27,O01226,EARN,102,274.0
C0094,2025-07-31 14:21:19,O01169,EARN,161,430.0
C0106,2025-07-31 15:24:11,O01189,EARN,511,953.0
C0036,2025-08-01 15:11:08,O01260,EARN,296,905.0
C0108,2025-08-01 15:13:06,O01265,EARN,59,164.0
C0065,2025-08-01 20:49:23,O01239,EARN,126,902.0
C0026,2025-08-02 12:59:23,O01295,EARN,149,2499.0
C0052,2025-08-03 09:05:27,O01275,EARN,113,252.0
C0095,2025-08-03 13:31:27,O01252,EARN,31,31.0
C0032,2025-08-03 15:27:03,O01266,REDEEM,-500.0,153.0
C0032,2025-08-03 15:27:04,O01266,EARN,264,417.0
C0095,2025-08-03 16:59:11,O01255,EARN,208,239.0
C0050,2025-08-04 14:14:53,O01276,EARN,97,821.0
C0112,2025-08-06 09:26:41,O01242,EARN,266,266.0
C0099,2025-08-07 09:08:32,O01273,EARN,52,52.0
C0069,2025-08-07 09:36:16,O01264,EARN,48,749.0
C0065,2025-08-07 17:14:13,O01241,REDEEM,-500.0,402.0
C0065,2025-08-07 17:14:14,O01241,EARN,99,501.0
C0024,2025-08-08 13:09:46,O01291,EARN,93,2080.0
C0047,2025-08-10 10:48:45,O01284,EARN,105,290.0
C0035,2025-08-10 11:43:48,O01289,EARN,71,683.0
C0083,2025-08-12 20:08:48,O01263,EARN,230,653.0
C0066,2025-08-14 13:43:00,O01254,EARN,223,914.0
C0050,2025-08-15 11:24:30,O01293,EARN,125,946.0
C0069,2025-08-15 16:12:40,O01240,EARN,134,883.0
C0024,2025-08-16 13:31:52,O01280,EARN,46,2126.0
C0094,2025-08-16 15:11:17,O01244,EARN,135,565.0
C0040,2025-08-19 09:33:10,O01296,EARN,171,388.0
C0082,2025-08-19 12:13:29,O01249,EARN,55,55.0
C0106,2025-08-19 15:41:05,O01233,EARN,152,1105.0
C0015,2025-08-19 15:57:58,O01271,EARN,400,2091.0
C0016,2025-08-20 10:36:00,O01237,EARN,58,2311.0
C0092,2025-08-21 17:08:09,O01283,EARN,33,583.0
C0040,2025-08-21 18:56:41,O01248,EARN,108,496.0
C0105,2025-08-22 11:35:26,O01287,EARN,38,38.0
C0031,2025-08-23 18:06:39,O01230,EARN,57,634.0
C0004,2025-08-24 09:56:43,O01229,EARN,134,5282.0
C0057,2025-08-24 20:44:49,O01267,EARN,334,1452.0
C0090,2025-08-25 12:02:39,O01274,EARN,235,904.0
C0111,2025-08-27 12:50:05,O01294,EARN,121,121.0
C0030,2025-08-28 09:53:05,O01288,EARN,434,2145.0
C0034,2025-08-28 13:05:06,O01270,EARN,213,1194.0
C0009,2025-08-28 13:39:36,O01285,EARN,157,2816.0
C0077,2025-08-29 10:18:44,O01245,EARN,103,248.0
C0046,2025-08-29 20:13:56,O01234,EARN,113,1143.0
C0050,2025-08-29 20:52:51,O01236,EARN,84,1030.0
C0066,2025-08-30 15:06:19,O01247,EARN,157,1071.0
C0018,2025-08-30 15:55:48,O01281,EARN,60,1135.0
C0027,2025-08-30 18:45:27,O01235,EARN,203,1384.0
C0086,2025-08-31 14:41:24,O01299,EARN,69,361.0
C0021,2025-09-03 10:15:18,O01304,EARN,86,3010.0
C0072,2025-09-05 14:39:34,O01333,EARN,218,423.0
C0112,2025-09-06 11:13:55,O01365,EARN,110,376.0
C0106,2025-09-06 12:42:14,O01348,EARN,93,1198.0
C0039,2025-09-06 17:17:23,O01351,EARN,203,672.0
C0064,2025-09-07 20:00:16,O01340,EARN,147,616.0
C0078,2025-09-08 08:18:30,O01307,EARN,368,1163.0
C0089,2025-09-08 16:53:46,O01361,EARN,58,391.0
C0055,2025-09-08 20:01:16,O01352,EARN,190,1381.0
C0106,2025-09-09 19:39:38,O01303,EARN,86,1284.0
C0001,2025-09-09 20:15:56,O01350,EARN,274,3833.0
C0118,2025-09-10 08:07:02,O01337,EARN,272,272.0
C0027,2025-09-10 18:29:04,O01312,EARN,198,1582.0
C0085,2025-09-12 09:30:10,O01338,REDEEM,-500.0,242.0
C0085,2025-09-12 09:30:11,O01338,EARN,93,335.0
C0067,2025-09-12 13:28:36,O01324,EARN,145,1068.0
C0105,2025-09-12 14:01:51,O01319,EARN,28,66.0
C0037,2025-09-12 16:23:50,O01316,EARN,291,1655.0
C0021,2025-09-13 08:31:05,O01345,EARN,86,3096.0
C0004,2025-09-13 10:19:56,O01308,EARN,100,5382.0
C0101,2025-09-13 10:19:57,O01353,EARN,148,148.0
C0065,2025-09-13 19:21:53,O01323,EARN,219,720.0
C0089,2025-09-14 13:36:32,O01336,EARN,60,451.0
C0105,2025-09-17 13:43:02,O01313,EARN,65,131.0
C0066,2025-09-17 13:59:46,O01358,EARN,60,1131.0
C0116,2025-09-17 16:00:40,O01329,EARN,304,304.0
C0083,2025-09-18 09:59:39,O01343,EARN,235,888.0
C0067,2025-09-19 12:42:32,O01355,EARN,203,1271.0
C0056,2025-09-19 20:58:05,O01363,EARN,46,884.0
C0008,2025-09-25 12:17:26,O01356,REDEEM,-1000.0,2403.0
C0008,2025-09-25 12:17:27,O01356,EARN,205,2608.0
C0079,2025-09-26 08:25:27,O01354,EARN,164,1126.0
C0046,2025-09-26 17:55:04,O01334,EARN,52,1195.0
C0012,2025-09-27 09:20:45,O01315,EARN,118,2856.0
C0101,2025-09-28 08:31:29,O01305,EARN,269,417.0
C0098,2025-09-28 17:00:41,O01368,EARN,132,347.0
C0103,2025-09-28 19:50:17,O01364,EARN,328,507.0
C0029,2025-09-29 10:35:21,O01311,EARN,296,1604.0
C0052,2025-09-29 20:09:59,O01326,EARN,61,313.0
C0023,2025-09-30 08:17:04,O01302,EARN,151,1285.0
C0023,2025-09-30 11:13:51,O01320,EARN,138,1423.0
C0090,2025-10-02 17:14:53,O01401,EARN,154,1058.0
C0098,2025-10-03 15:58:06,O01388,EARN,136,483.0
C0037,2025-10-04 18:31:57,O01434,EARN,70,1725.0
C0048,2025-10-04 18:40:47,O01404,EARN,157,207.0
C0038,2025-10-05 15:35:37,O01372,EARN,69,671.0
C0019,2025-10-07 12:23:29,O01385,REDEEM,-500.0,2365.0
C0019,2025-10-07 12:23:30,O01385,EARN,118,2483.0
C0048,2025-10-08 09:24:07,O01408,EARN,496,703.0
C0020,2025-10-08 16:53:08,O01436,EARN,33,1615.0
C0003,2025-10-10 10:05:56,O01396,REDEEM,-1000.0,1867.0
C0003,2025-10-10 10:05:57,O01396,EARN,234,2101.0
C0086,2025-10-10 15:09:10,O01411,EARN,63,424.0
C0113,2025-10-10 16:15:29,O01414,EARN,95,95.0
C0105,2025-10-12 09:19:21,O01442,EARN,221,352.0
C0085,2025-10-12 19:44:40,O01432,EARN,31,366.0
C0078,2025-10-13 18:26:04,O01379,REDEEM,-1000.0,163.0
C0078,2025-10-13 18:26:05,O01379,EARN,185,348.0
C0039,2025-10-14 13:31:28,O01437,EARN,110,782.0
C0041,2025-10-15 20:17:02,O01441,EARN,128,974.0
C0021,2025-10-16 20:24:49,O01416,EARN,158,3254.0
C0067,2025-10-17 17:50:07,O01398,EARN,290,1561.0
C0102,2025-10-18 11:53:08,O01369,EARN,105,428.0
C0028,2025-10-18 16:57:44,O01420,EARN,114,1042.0
C0057,2025-10-18 20:47:44,O01415,EARN,28,1480.0
C0034,2025-10-19 14:47:27,O01407,REDEEM,-1000.0,194.0
C0034,2025-10-19 14:47:28,O01407,EARN,55,249.0
C0114,2025-10-20 08:28:11,O01381,EARN,228,228.0
C0078,2025-10-20 08:45:51,O01377,EARN,111,459.0
C0125,2025-10-20 18:48:31,O01380,EARN,413,413.0
C0057,2025-10-23 08:48:21,O01376,EARN,304,1784.0
C0001,2025-10-24 08:46:19,O01429,EARN,97,3930.0
C0108,2025-10-24 08:55:35,O01390,EARN,81,245.0
C0028,2025-10-24 12:39:22,O01424,EARN,30,1072.0
C0131,2025-10-24 14:56:59,O01426,EARN,83,83.0
C0087,2025-10-25 08:28:32,O01427,EARN,102,886.0
C0127,2025-10-25 13:48:45,O01400,EARN,82,82.0
C0025,2025-10-26 16:30:38,O01391,EARN,116,605.0
C0073,2025-10-26 20:31:24,O01440,EARN,259,738.0
C0095,2025-10-27 13:45:05,O01419,EARN,42,281.0
C0105,2025-10-28 19:20:27,O01405,EARN,35,387.0
C0096,2025-10-30 08:10:17,O01409,EARN,189,313.0
C0114,2025-10-30 15:48:57,O01374,EARN,345,573.0
C0057,2025-10-31 12:32:59,O01422,EARN,143,1927.0
C0069,2025-10-31 20:11:05,O01417,EARN,44,927.0
C0023,2025-11-01 17:21:26,O01499,EARN,137,1560.0
C0031,2025-11-01 19:41:29,O01495,EARN,60,694.0
C0061,2025-11-02 10:22:45,O01519,REDEEM,-1000.0,88.0
C0061,2025-11-02 10:22:46,O01519,EARN,197,285.0
C0057,2025-11-02 18:15:35,O01446,EARN,151,2078.0
C0083,2025-11-03 08:46:40,O01469,EARN,212,1100.0
C0093,2025-11-03 13:17:31,O01475,EARN,132,949.0
C0085,2025-11-03 17:04:29,O01513,EARN,66,432.0
C0005,2025-11-03 20:06:48,O01488,EARN,256,3269.0
C0049,2025-11-04 14:01:53,O01447,EARN,120,1461.0
C0047,2025-11-04 14:25:39,O01527,EARN,147,437.0
C0009,2025-11-04 14:51:36,O01501,REDEEM,-1000.0,1816.0
C0009,2025-11-04 14:51:37,O01501,EARN,326,2142.0
C0024,2025-11-04 17:04:45,O01512,EARN,297,2423.0
C0032,2025-11-07 08:19:37,O01465,EARN,391,808.0
C0094,2025-11-07 11:23:43,O01510,EARN,160,725.0
C0120,2025-11-07 13:11:51,O01521,EARN,153,153.0
C0132,2025-11-07 14:22:04,O01464,EARN,349,349.0
C0091,2025-11-07 16:56:18,O01451,EARN,117,117.0
C0078,2025-11-08 11:44:53,O01487,EARN,182,641.0
C0051,2025-11-08 12:19:30,O01490,EARN,62,450.0
C0125,2025-11-08 12:32:14,O01486,EARN,233,646.0
C0107,2025-11-08 14:54:19,O01461,EARN,132,132.0
C0104,2025-11-08 18:17:16,O01509,EARN,164,164.0
C0053,2025-11-09 13:09:06,O01476,EARN,134,134.0
C0072,2025-11-10 19:34:28,O01463,EARN,203,626.0
C0003,2025-11-11 18:42:33,O01483,EARN,86,2187.0
C0107,2025-11-11 18:53:47,O01524,EARN,307,439.0
C0130,2025-11-12 10:02:08,O01489,EARN,213,213.0
C0006,2025-11-12 11:28:12,O01459,REDEEM,-1000.0,2687.0
C0006,2025-11-12 11:28:13,O01459,EARN,346,3033.0
C0132,2025-11-13 08:00:51,O01471,EARN,171,520.0
C0116,2025-11-13 11:48:44,O01454,EARN,86,390.0
C0041,2025-11-14 11:09:38,O01480,EARN,17,991.0
C0032,2025-11-14 12:05:47,O01449,EARN,252,1060.0
C0050,2025-11-15 15:13:44,O01494,EARN,31,1061.0
C0074,2025-11-17 10:41:18,O01514,EARN,28,302.0
C0047,2025-11-18 16:33:39,O01502,EARN,142,579.0
C0009,2025-11-19 15:48:26,O01518,EARN,177,2319.0
C0080,2025-11-19 19:12:12,O01477,EARN,180,681.0
C0130,2025-11-21 10:02:25,O01517,EARN,70,283.0
C0015,2025-11-21 13:04:24,O01507,EARN,177,2268.0
C0009,2025-11-21 18:10:47,O01467,EARN,149,2468.0
C0006,2025-11-21 19:36:18,O01520,EARN,215,3248.0
C0041,2025-11-23 09:10:00,O01457,EARN,350,1341.0
C0091,2025-11-24 10:58:20,O01522,EARN,89,206.0
C0103,2025-11-25 10:13:35,O01455,EARN,232,739.0
C0015,2025-11-26 11:26:20,O01498,REDEEM,-1000.0,1268.0
C0015,2025-11-26 11:26:21,O01498,EARN,241,1509.0
C0125,2025-11-26 15:23:40,O01460,EARN,316,962.0
C0022,2025-11-28 19:26:49,O01482,EARN,55,3427.0
C0073,2025-11-29 09:35:14,O01481,EARN,205,943.0
C0004,2025-11-29 12:38:31,O01511,EARN,330,5712.0
C0099,2025-11-29 14:01:25,O01470,EARN,168,220.0
C0083,2025-11-30 17:03:38,O01505,EARN,225,1325.0
C0040,2025-12-02 09:41:54,O01556,EARN,180,676.0
C0059,2025-12-02 10:48:30,O01583,EARN,164,1764.0
C0121,2025-12-02 13:11:35,O01560,EARN,184,184.0
C0100,2025-12-02 19:45:44,O01547,EARN,163,791.0
C0032,2025-12-03 13:24:35,O01607,EARN,170,1230.0
C0096,2025-12-03 14:15:57,O01619,EARN,510,823.0
C0139,2025-12-04 11:49:22,O01618,EARN,156,156.0
C0005,2025-12-04 16:05:08,O01617,EARN,73,3342.0
C0087,2025-12-05 11:56:28,O01543,EARN,33,919.0
C0060,2025-12-05 17:47:08,O01597,EARN,44,637.0
C0071,2025-12-06 14:45:32,O01567,EARN,142,817.0
C0073,2025-12-06 17:26:27,O01534,EARN,230,1173.0
C0060,2025-12-06 18:18:07,O01604,REDEEM,-500.0,137.0
C0060,2025-12-06 18:18:08,O01604,EARN,80,217.0
C0048,2025-12-08 09:09:14,O01545,EARN,108,811.0
C0006,2025-12-08 14:59:33,O01569,EARN,103,3351.0
C0043,2025-12-09 08:36:28,O01568,EARN,23,705.0
C0018,2025-12-09 14:08:33,O01582,EARN,212,1347.0
C0031,2025-12-10 11:12:37,O01572,REDEEM,-500.0,194.0
C0031,2025-12-10 11:12:38,O01572,EARN,101,295.0
C0094,2025-12-11 09:14:19,O01586,EARN,225,950.0
C0012,2025-12-11 11:16:52,O01593,EARN,102,2958.0
C0092,2025-12-11 11:41:55,O01548,EARN,226,809.0
C0132,2025-12-11 12:54:46,O01541,EARN,38,558.0
C0097,2025-12-11 13:23:42,O01536,EARN,181,960.0
C0087,2025-12-11 19:20:37,O01620,EARN,428,1347.0
C0083,2025-12-12 11:24:31,O01609,EARN,50,1375.0
C0142,2025-12-12 12:43:21,O01570,EARN,288,288.0
C0099,2025-12-14 10:41:51,O01600,EARN,274,494.0
C0018,2025-12-14 14:09:26,O01598,EARN,316,1663.0
C0012,2025-12-14 16:01:11,O01585,EARN,346,3304.0
C0017,2025-12-16 09:47:14,O01558,EARN,310,2017.0
C0022,2025-12-16 11:47:58,O01612,EARN,38,3465.0
C0014,2025-12-16 13:56:54,O01601,EARN,13,1644.0
C0133,2025-12-16 15:33:19,O01596,EARN,251,251.0
C0088,2025-12-17 20:05:22,O01575,EARN,146,146.0
C0101,2025-12-18 11:11:27,O01587,EARN,112,529.0
C0032,2025-12-19 14:50:30,O01580,EARN,577,1807.0
C0125,2025-12-19 16:46:50,O01537,EARN,117,1079.0
C0142,2025-12-20 16:24:13,O01590,EARN,300,588.0
C0031,2025-12-21 10:07:23,O01542,EARN,200,495.0
C0115,2025-12-21 11:30:56,O01584,EARN,53,53.0
C0019,2025-12-21 15:09:09,O01538,REDEEM,-1000.0,1483.0
C0019,2025-12-21 15:09:10,O01538,EARN,130,1613.0
C0133,2025-12-21 16:21:08,O01574,EARN,149,400.0
C0089,2025-12-21 17:06:30,O01532,EARN,47,498.0
C0004,2025-12-21 18:59:36,O01610,EARN,202,5914.0
C0075,2025-12-22 11:54:42,O01578,EARN,235,662.0
C0007,2025-12-23 12:40:56,O01550,EARN,215,2462.0
C0071,2025-12-23 17:38:00,O01615,EARN,306,1123.0
C0101,2025-12-23 19:05:26,O01611,EARN,88,617.0
C0103,2025-12-23 20:40:29,O01616,EARN,84,823.0
C0050,2025-12-25 10:03:55,O01557,EARN,199,1260.0
C0021,2025-12-25 11:29:28,O01571,EARN,146,3400.0
C0102,2025-12-25 16:59:43,O01605,EARN,244,672.0
C0036,2025-12-25 18:17:49,O01549,EARN,230,1135.0
C0139,2025-12-26 08:29:59,O01594,EARN,163,319.0
C0044,2025-12-26 10:37:37,O01579,EARN,230,776.0
C0133,2025-12-26 15:51:15,O01589,EARN,132,532.0
C0073,2025-12-27 12:35:21,O01566,EARN,79,1252.0
C0021,2025-12-27 19:38:51,O01614,EARN,157,3557.0
C0123,2025-12-28 08:15:46,O01588,EARN,236,236.0
C0133,2025-12-28 11:26:58,O01608,EARN,283,815.0
C0107,2025-12-28 14:36:34,O01591,EARN,106,545.0
C0005,2025-12-28 16:26:08,O01606,REDEEM,-500.0,2842.0
C0005,2025-12-28 16:26:09,O01606,EARN,225,3067.0
C0032,2025-12-29 08:05:49,O01563,EARN,104,1911.0
C0088,2025-12-29 09:06:47,O01544,EARN,431,577.0
C0038,2025-12-29 11:30:57,O01592,EARN,36,707.0
C0090,2025-12-29 18:24:17,O01533,EARN,116,1174.0
C0043,2025-12-29 20:45:05,O01561,EARN,199,904.0
C0144,2025-12-30 17:59:02,O01603,EARN,99,99.0
C0037,2026-01-01 14:48:31,O01643,EARN,140,1865.0
C0024,2026-01-01 16:23:34,O01669,EARN,92,2515.0
C0007,2026-01-01 17:14:36,O01696,EARN,152,2614.0
C0130,2026-01-02 11:07:31,O01637,EARN,262,545.0
C0133,2026-01-03 10:02:45,O01685,EARN,162,977.0
C0014,2026-01-03 19:18:30,O01652,EARN,236,1880.0
C0043,2026-01-04 08:01:32,O01667,EARN,123,1027.0
C0110,2026-01-08 09:08:35,O01636,EARN,162,162.0
C0090,2026-01-08 12:53:08,O01690,EARN,50,1224.0
C0146,2026-01-08 18:08:12,O01641,EARN,96,96.0
C0120,2026-01-09 14:32:49,O01705,EARN,234,387.0
C0105,2026-01-10 10:27:34,O01686,EARN,43,430.0
C0083,2026-01-10 13:08:02,O01625,EARN,159,1534.0
C0007,2026-01-10 14:41:39,O01626,EARN,196,2810.0
C0019,2026-01-10 20:30:44,O01654,EARN,38,1651.0
C0069,2026-01-10 20:44:36,O01684,EARN,159,1086.0
C0077,2026-01-11 10:32:02,O01678,EARN,32,280.0
C0032,2026-01-11 13:01:08,O01640,EARN,121,2032.0
C0103,2026-01-11 13:38:58,O01638,EARN,200,1023.0
C0052,2026-01-11 15:30:02,O01630,EARN,168,481.0
C0002,2026-01-11 20:22:42,O01622,EARN,247,4414.0
C0008,2026-01-12 13:07:28,O01674,EARN,316,2924.0
C0014,2026-01-13 14:15:39,O01621,EARN,33,1913.0
C0150,2026-01-14 08:54:53,O01666,EARN,223,223.0
C0084,2026-01-14 10:47:51,O01680,EARN,66,620.0
C0049,2026-01-14 17:34:51,O01700,EARN,125,1586.0
C0066,2026-01-16 09:08:24,O01704,EARN,116,1247.0
C0087,2026-01-16 09:30:31,O01707,EARN,163,1510.0
C0031,2026-01-16 10:21:14,O01683,EARN,275,770.0
C0123,2026-01-16 14:16:45,O01699,EARN,241,477.0
C0097,2026-01-17 14:38:18,O01659,EARN,152,1112.0
C0018,2026-01-17 19:30:41,O01664,EARN,403,2066.0
C0061,2026-01-18 14:19:12,O01644,EARN,279,564.0
C0151,2026-01-18 19:35:36,O01671,EARN,89,89.0
C0085,2026-01-19 09:29:26,O01657,EARN,110,542.0
C0067,2026-01-19 14:49:58,O01634,EARN,157,1718.0
C0037,2026-01-20 14:07:21,O01693,EARN,108,1973.0
C0050,2026-01-21 11:58:48,O01629,EARN,86,1346.0
C0040,2026-01-21 19:24:47,O01692,EARN,99,775.0
C0074,2026-01-21 20:11:57,O01649,EARN,36,338.0
C0054,2026-01-22 13:08:23,O01656,EARN,16,599.0
C0040,2026-01-22 19:34:21,O01623,EARN,182,957.0
C0118,2026-01-23 13:35:56,O01646,EARN,137,409.0
C0061,2026-01-23 14:38:12,O01655,EARN,257,821.0
C0143,2026-01-23 18:11:24,O01632,EARN,97,97.0
C0068,2026-01-24 08:34:20,O01668,EARN,34,352.0
C0023,2026-01-24 10:36:10,O01633,REDEEM,-1000.0,560.0
C0023,2026-01-24 10:36:11,O01633,EARN,147,707.0
C0112,2026-01-24 12:05:59,O01698,EARN,145,521.0
C0010,2026-01-24 20:36:20,O01663,EARN,104,2563.0
C0069,2026-01-25 13:27:18,O01648,EARN,466,1552.0
C0101,2026-01-25 19:38:29,O01688,EARN,314,931.0
C0024,2026-01-25 20:14:51,O01670,EARN,107,2622.0
C0066,2026-01-26 09:02:21,O01673,EARN,262,1509.0
C0027,2026-01-26 19:11:25,O01676,EARN,174,1756.0
C0134,2026-01-26 20:30:28,O01672,EARN,109,109.0
C0042,2026-01-26 20:53:33,O01647,EARN,244,1326.0
C0035,2026-01-28 08:48:51,O01677,EARN,189,872.0
C0153,2026-01-28 15:56:11,O01631,EARN,181,181.0
C0087,2026-01-29 14:12:49,O01701,EARN,146,1656.0
C0019,2026-01-30 10:15:01,O01675,EARN,137,1788.0
C0136,2026-01-30 16:51:48,O01653,EARN,153,153.0
C0080,2026-01-30 17:48:13,O01651,EARN,107,788.0
C0112,2026-01-31 19:11:36,O01691,EARN,135,656.0
C0009,2026-02-01 12:23:40,O01791,EARN,249,2717.0
C0045,2026-02-01 12:28:46,O01798,EARN,151,927.0
C0148,2026-02-01 13:24:22,O01761,EARN,221,221.0
C0035,2026-02-01 16:59:49,O01811,EARN,148,1020.0
C0068,2026-02-02 17:51:49,O01770,EARN,98,450.0
C0107,2026-02-03 20:32:19,O01754,EARN,186,731.0
C0108,2026-02-04 13:35:50,O01746,EARN,162,407.0
C0001,2026-02-04 17:55:34,O01788,EARN,142,4072.0
C0108,2026-02-05 11:09:07,O01758,EARN,169,576.0
C0046,2026-02-05 14:58:24,O01763,EARN,197,1392.0
C0018,2026-02-05 18:04:39,O01783,EARN,333,2399.0
C0146,2026-02-06 08:35:15,O01709,EARN,164,260.0
C0112,2026-02-06 08:36:00,O01734,EARN,74,730.0
C0157,2026-02-06 20:10:38,O01799,EARN,201,201.0
C0001,2026-02-07 08:55:42,O01751,REDEEM,-1000.0,3072.0
C0001,2026-02-07 08:55:43,O01751,EARN,251,3323.0
C0015,2026-02-07 08:59:28,O01807,EARN,32,1541.0
C0007,2026-02-07 09:48:46,O01774,EARN,170,2980.0
C0012,2026-02-08 11:24:50,O01777,EARN,70,3374.0
C0102,2026-02-08 11:45:13,O01732,EARN,35,707.0
C0080,2026-02-09 09:08:04,O01744,EARN,397,1185.0
C0042,2026-02-11 10:16:57,O01762,EARN,187,1513.0
C0019,2026-02-11 18:25:48,O01790,EARN,49,1837.0
C0015,2026-02-12 11:14:22,O01765,EARN,35,1576.0
C0143,2026-02-12 14:57:08,O01723,EARN,514,611.0
C0092,2026-02-13 12:21:17,O01801,EARN,320,1129.0
C0150,2026-02-13 14:07:47,O01773,EARN,193,416.0
C0034,2026-02-13 15:46:43,O01778,EARN,144,393.0
C0022,2026-02-13 18:06:30,O01710,EARN,107,3572.0
C0159,2026-02-14 14:22:25,O01784,EARN,124,124.0
C0016,2026-02-14 16:17:34,O01735,EARN,292,2603.0
C0065,2026-02-14 19:11:56,O01808,EARN,139,859.0
C0043,2026-02-15 10:32:39,O01789,EARN,74,1101.0
C0010,2026-02-15 16:35:52,O01756,EARN,71,2634.0
C0015,2026-02-15 19:40:15,O01728,REDEEM,-1000.0,576.0
C0015,2026-02-15 19:40:16,O01728,EARN,73,649.0
C0138,2026-02-16 08:05:08,O01730,EARN,205,205.0
C0029,2026-02-16 11:33:50,O01717,EARN,244,1848.0
C0041,2026-02-16 12:53:00,O01805,EARN,73,1414.0
C0157,2026-02-17 09:15:23,O01737,EARN,169,370.0
C0125,2026-02-17 12:09:45,O01781,EARN,385,1464.0
C0145,2026-02-18 08:20:42,O01804,EARN,212,212.0
C0123,2026-02-18 09:08:38,O01809,EARN,75,552.0
C0129,2026-02-18 14:00:18,O01785,EARN,368,368.0
C0060,2026-02-18 14:28:38,O01713,EARN,93,310.0
C0144,2026-02-18 16:42:50,O01716,EARN,134,233.0
C0071,2026-02-18 18:39:58,O01727,EARN,91,1214.0
C0162,2026-02-18 19:29:47,O01802,EARN,29,29.0
C0154,2026-02-18 20:12:06,O01708,EARN,275,275.0
C0108,2026-02-20 10:09:02,O01745,EARN,223,799.0
C0021,2026-02-20 12:52:44,O01719,EARN,96,3653.0
C0028,2026-02-20 15:28:52,O01738,EARN,250,1322.0
C0126,2026-02-20 19:32:23,O01764,EARN,185,185.0
C0060,2026-02-20 20:50:00,O01760,EARN,17,327.0
C0025,2026-02-21 08:25:27,O01729,EARN,113,718.0
C0085,2026-02-21 10:41:53,O01753,EARN,80,622.0
C0124,2026-02-21 18:13:11,O01800,EARN,88,88.0
C0089,2026-02-22 14:53:57,O01806,EARN,167,665.0
C0059,2026-02-23 09:52:57,O01747,EARN,571,2335.0
C0032,2026-02-23 10:22:15,O01793,EARN,31,2063.0
C0032,2026-02-24 17:08:54,O01797,EARN,76,2139.0
C0006,2026-02-25 16:18:55,O01757,EARN,150,3501.0
C0111,2026-02-25 17:20:41,O01768,EARN,93,214.0
C0081,2026-02-26 11:35:32,O01740,EARN,157,157.0
C0067,2026-02-26 19:32:14,O01755,EARN,229,1947.0
C0046,2026-02-27 08:40:08,O01752,EARN,225,1617.0
C0022,2026-02-27 10:31:46,O01780,EARN,296,3868.0
C0096,2026-02-27 11:55:50,O01726,EARN,104,927.0
C0150,2026-02-27 12:53:55,O01736,EARN,92,508.0
C0076,2026-02-27 16:11:33,O01742,EARN,162,564.0
C0055,2026-02-27 17:40:32,O01775,EARN,203,1584.0
C0071,2026-02-27 18:06:05,O01721,EARN,397,1611.0
C0113,2026-02-27 18:58:28,O01739,EARN,167,262.0
C0065,2026-02-28 16:34:14,O01712,REDEEM,-100.0,759.0
C0065,2026-02-28 16:34:15,O01712,EARN,242,1001.0
C0152,2026-03-01 09:49:28,O01863,EARN,192,192.0
C0023,2026-03-01 14:51:09,O01848,EARN,22,729.0
C0130,2026-03-02 11:41:37,O01900,EARN,117,662.0
C0146,2026-03-02 14:28:55,O01860,EARN,135,395.0
C0134,2026-03-02 14:33:23,O01834,EARN,293,402.0
C0069,2026-03-02 14:45:56,O01877,EARN,368,1920.0
C0133,2026-03-02 16:39:05,O01851,REDEEM,-100.0,877.0
C0133,2026-03-02 16:39:06,O01851,EARN,160,1037.0
C0029,2026-03-02 17:15:15,O01821,REDEEM,-1000.0,848.0
C0029,2026-03-02 17:15:16,O01821,EARN,107,955.0
C0121,2026-03-02 20:12:19,O01873,EARN,264,448.0
C0100,2026-03-03 09:32:51,O01828,EARN,163,954.0
C0040,2026-03-04 08:26:40,O01841,EARN,90,1047.0
C0038,2026-03-05 11:30:27,O01870,EARN,181,888.0
C0072,2026-03-05 14:13:59,O01892,EARN,135,761.0
C0053,2026-03-06 08:24:22,O01847,EARN,85,219.0
C0126,2026-03-06 10:15:26,O01885,EARN,115,300.0
C0027,2026-03-07 13:24:52,O01876,EARN,271,2027.0
C0035,2026-03-07 17:22:13,O01868,EARN,139,1159.0
C0071,2026-03-08 16:13:15,O01815,EARN,82,1693.0
C0118,2026-03-08 17:41:15,O01866,REDEEM,-100.0,309.0
C0118,2026-03-08 17:41:16,O01866,EARN,256,565.0
C0135,2026-03-11 08:33:37,O01879,EARN,80,80.0
C0004,2026-03-12 17:30:08,O01825,EARN,54,5968.0
C0093,2026-03-13 15:00:26,O01824,EARN,5,954.0
C0070,2026-03-13 17:44:26,O01849,REDEEM,-100.0,85.0
C0070,2026-03-13 17:44:27,O01849,EARN,263,348.0
C0038,2026-03-13 18:05:48,O01872,EARN,136,1024.0
C0133,2026-03-14 08:33:42,O01840,EARN,203,1240.0
C0106,2026-03-14 08:33:47,O01822,EARN,98,1382.0
C0085,2026-03-14 10:49:44,O01839,REDEEM,-100.0,522.0
C0085,2026-03-14 10:49:45,O01839,EARN,328,850.0
C0171,2026-03-14 11:36:11,O01831,EARN,160,160.0
C0095,2026-03-14 11:51:49,O01886,REDEEM,-100.0,181.0
C0095,2026-03-14 11:51:50,O01886,EARN,149,330.0
C0124,2026-03-15 08:57:31,O01817,EARN,180,268.0
C0160,2026-03-15 13:08:48,O01820,EARN,249,249.0
C0158,2026-03-15 15:41:12,O01864,EARN,121,121.0
C0053,2026-03-16 14:28:17,O01895,EARN,32,251.0
C0011,2026-03-17 12:44:03,O01880,EARN,282,2498.0
C0064,2026-03-17 18:24:53,O01881,EARN,150,766.0
C0003,2026-03-18 20:32:21,O01884,EARN,174,2361.0
C0093,2026-03-19 09:21:08,O01898,EARN,187,1141.0
C0170,2026-03-19 10:45:02,O01858,EARN,241,241.0
C0087,2026-03-19 13:22:24,O01843,EARN,222,1878.0
C0129,2026-03-20 16:51:02,O01836,EARN,232,600.0
C0151,2026-03-20 19:46:25,O01893,EARN,175,264.0
C0010,2026-03-21 10:20:53,O01814,EARN,271,2905.0
C0004,2026-03-21 13:59:56,O01869,EARN,230,6198.0
C0106,2026-03-21 16:24:09,O01842,EARN,102,1484.0
C0081,2026-03-21 20:48:00,O01813,EARN,56,213.0
C0144,2026-03-22 15:29:11,O01902,EARN,50,283.0
C0040,2026-03-23 11:53:00,O01829,EARN,134,1181.0
C0004,2026-03-24 11:01:48,O01855,REDEEM,-1000.0,5198.0
C0004,2026-03-24 11:01:49,O01855,EARN,277,5475.0
C0046,2026-03-24 18:45:18,O01878,REDEEM,-1000.0,617.0
C0046,2026-03-24 18:45:19,O01878,EARN,34,651.0
C0153,2026-03-24 20:35:51,O01856,REDEEM,-100.0,81.0
C0153,2026-03-24 20:35:52,O01856,EARN,301,382.0
C0141,2026-03-25 08:57:00,O01826,EARN,128,128.0
C0090,2026-03-25 09:46:01,O01823,EARN,176,1400.0
C0086,2026-03-25 14:37:41,O01891,EARN,185,609.0
C0136,2026-03-26 17:51:56,O01867,EARN,295,448.0
C0113,2026-03-26 19:53:23,O01852,EARN,179,441.0
C0149,2026-03-27 09:55:36,O01832,EARN,258,258.0
C0050,2026-03-27 20:56:00,O01871,EARN,182,1528.0
C0161,2026-03-28 17:18:34,O01837,EARN,71,71.0
C0129,2026-03-29 14:12:38,O01857,EARN,270,870.0
C0014,2026-03-29 20:51:56,O01859,EARN,116,2029.0
C0050,2026-03-30 17:19:09,O01894,EARN,229,1757.0
C0097,2026-03-30 17:32:17,O01827,EARN,187,1299.0
C0074,2026-03-30 19:42:20,O01830,EARN,214,552.0
C0014,2026-03-31 08:49:02,O01845,EARN,172,2201.0
C0064,2026-03-31 13:34:58,O01819,EARN,197,963.0
C0046,2026-03-31 14:29:05,O01874,EARN,272,923.0
C0119,2026-03-31 18:50:13,O01896,EARN,186,186.0
C0028,2026-03-31 19:11:46,O01901,EARN,207,1529.0
C0133,2026-04-01 15:52:38,O01951,EARN,203,1443.0
C0129,2026-04-01 19:22:28,O02009,REDEEM,-100.0,770.0
C0129,2026-04-01 19:22:29,O02009,EARN,144,914.0
C0139,2026-04-03 08:09:42,O01971,EARN,328,647.0
C0040,2026-04-03 08:31:30,O01953,REDEEM,-1000.0,181.0
C0040,2026-04-03 08:31:31,O01953,EARN,177,358.0
C0087,2026-04-03 12:16:52,O01979,REDEEM,-100.0,1778.0
C0087,2026-04-03 12:16:53,O01979,EARN,150,1928.0
C0071,2026-04-03 16:27:38,O01939,EARN,263,1956.0
C0153,2026-04-03 16:45:02,O01947,EARN,138,520.0
C0133,2026-04-03 19:30:32,O01949,REDEEM,-100.0,1343.0
C0133,2026-04-03 19:30:33,O01949,EARN,168,1511.0
C0146,2026-04-04 14:45:30,O01992,EARN,196,591.0
C0145,2026-04-04 20:04:11,O01906,EARN,188,400.0
C0168,2026-04-04 20:45:17,O02007,EARN,158,158.0
C0042,2026-04-05 13:55:30,O01922,EARN,47,1560.0
C0101,2026-04-05 18:42:50,O01946,EARN,408,1339.0
C0160,2026-04-05 19:37:46,O01958,EARN,177,426.0
C0023,2026-04-06 11:27:02,O01921,EARN,66,795.0
C0084,2026-04-06 18:32:34,O01961,EARN,267,887.0
C0170,2026-04-08 11:01:55,O01934,EARN,16,257.0
C0170,2026-04-08 13:10:22,O01986,EARN,23,280.0
C0110,2026-04-10 11:57:53,O01964,EARN,126,288.0
C0091,2026-04-10 15:59:18,O02010,REDEEM,-100.0,106.0
C0091,2026-04-10 15:59:19,O02010,EARN,42,148.0
C0173,2026-04-11 10:46:00,O01908,EARN,192,192.0
C0039,2026-04-11 13:47:51,O01940,EARN,303,1085.0
C0144,2026-04-11 18:31:08,O01944,EARN,79,362.0
C0134,2026-04-12 09:11:34,O01931,EARN,219,621.0
C0157,2026-04-12 09:18:36,O01936,EARN,125,495.0
C0174,2026-04-13 16:26:51,O01982,EARN,92,92.0
C0176,2026-04-13 18:15:42,O01930,EARN,269,269.0
C0170,2026-04-14 19:32:29,O02002,REDEEM,-100.0,180.0
C0170,2026-04-14 19:32:30,O02002,EARN,193,373.0
C0138,2026-04-15 16:12:31,O01905,EARN,218,423.0
C0019,2026-04-15 16:59:25,O02000,EARN,52,1889.0
C0174,2026-04-15 20:33:46,O01950,EARN,54,146.0
C0116,2026-04-15 20:43:33,O01907,EARN,116,506.0
C0080,2026-04-16 08:00:49,O01960,EARN,117,1302.0
C0028,2026-04-16 19:32:24,O01963,REDEEM,-100.0,1429.0
C0028,2026-04-16 19:32:25,O01963,EARN,36,1465.0
C0110,2026-04-17 09:41:29,O01948,EARN,125,413.0
C0177,2026-04-17 17:04:32,O02004,EARN,58,58.0
C0150,2026-04-18 13:12:12,O01911,EARN,205,713.0
C0007,2026-04-18 14:32:26,O01995,EARN,221,3201.0
C0121,2026-04-19 09:35:27,O01962,EARN,145,593.0
C0138,2026-04-19 09:45:54,O01909,EARN,170,593.0
C0120,2026-04-19 12:06:31,O01937,EARN,34,421.0
C0089,2026-04-19 19:20:10,O02003,EARN,89,754.0
C0081,2026-04-20 17:40:35,O01966,EARN,73,286.0
C0165,2026-04-20 18:45:51,O01996,EARN,76,76.0
C0062,2026-04-22 09:24:11,O01969,EARN,207,493.0
C0174,2026-04-22 20:32:59,O01918,EARN,115,261.0
C0040,2026-04-23 08:24:48,O01928,EARN,116,474.0
C0118,2026-04-23 13:06:37,O01985,EARN,97,662.0
C0160,2026-04-23 18:28:36,O01967,EARN,247,673.0
C0172,2026-04-24 12:58:02,O01968,EARN,217,217.0
C0091,2026-04-24 15:34:44,O01913,EARN,275,423.0
C0057,2026-04-24 17:39:08,O02008,EARN,75,2153.0
C0102,2026-04-25 16:56:11,O01954,EARN,157,864.0
C0050,2026-04-25 19:07:36,O02012,EARN,176,1933.0
C0176,2026-04-25 19:12:59,O01929,EARN,6,275.0
C0075,2026-04-25 20:17:51,O01957,EARN,171,833.0
C0082,2026-04-26 10:51:20,O01989,EARN,174,229.0
C0011,2026-04-26 14:20:54,O01991,EARN,125,2623.0
C0175,2026-04-27 09:29:57,O01941,EARN,147,147.0
C0063,2026-04-27 09:36:33,O01935,EARN,48,374.0
C0152,2026-04-28 08:08:18,O01983,EARN,265,457.0
C0153,2026-04-28 11:06:32,O01975,EARN,160,680.0
C0104,2026-04-28 17:16:37,O01932,REDEEM,-100.0,64.0
C0104,2026-04-28 17:16:38,O01932,EARN,51,115.0
C0121,2026-04-28 18:13:43,O01980,EARN,245,838.0
C0089,2026-04-28 19:29:22,O01984,EARN,159,913.0
C0012,2026-04-29 14:13:20,O01920,EARN,138,3512.0
C0068,2026-05-01 15:51:35,O02036,EARN,56,506.0
C0107,2026-05-01 20:57:07,O02086,EARN,227,958.0
C0130,2026-05-02 08:52:47,O02073,EARN,117,779.0
C0026,2026-05-02 11:34:20,O02066,EARN,149,2648.0
C0037,2026-05-02 12:10:11,O02019,REDEEM,-100.0,1873.0
C0037,2026-05-02 12:10:12,O02019,EARN,52,1925.0
C0180,2026-05-03 11:12:49,O02051,EARN,129,129.0
C0027,2026-05-04 15:13:41,O02014,EARN,269,2296.0
C0023,2026-05-05 11:23:30,O02057,EARN,28,823.0
C0001,2026-05-05 14:41:03,O02046,EARN,142,3465.0
C0140,2026-05-06 10:35:37,O02045,EARN,102,102.0
C0149,2026-05-07 13:04:22,O02067,EARN,68,326.0
C0129,2026-05-08 08:45:25,O02098,EARN,180,1094.0
C0084,2026-05-08 12:48:56,O02041,REDEEM,-200.0,687.0
C0084,2026-05-08 12:48:57,O02041,EARN,217,904.0
C0047,2026-05-08 18:15:16,O02070,EARN,193,772.0
C0132,2026-05-10 11:53:23,O02093,EARN,255,813.0
C0090,2026-05-10 19:27:15,O02095,EARN,231,1631.0
C0102,2026-05-11 14:30:50,O02076,EARN,297,1161.0
C0071,2026-05-13 12:51:35,O02053,REDEEM,-1000.0,956.0
C0071,2026-05-13 12:51:36,O02053,EARN,161,1117.0
C0126,2026-05-14 20:48:06,O02102,EARN,211,511.0
C0079,2026-05-16 10:41:32,O02081,REDEEM,-1000.0,126.0
C0079,2026-05-16 10:41:33,O02081,EARN,288,414.0
C0165,2026-05-16 11:04:21,O02090,EARN,259,335.0
C0102,2026-05-16 12:47:47,O02047,EARN,221,1382.0
C0114,2026-05-17 09:38:29,O02097,EARN,203,776.0
C0168,2026-05-17 09:47:20,O02071,EARN,120,278.0
C0026,2026-05-17 17:42:29,O02054,EARN,2,2650.0
C0182,2026-05-17 18:09:56,O02027,EARN,153,153.0
C0120,2026-05-18 10:01:29,O02026,EARN,222,643.0
C0122,2026-05-18 17:24:00,O02100,EARN,67,67.0
C0113,2026-05-19 08:23:35,O02065,REDEEM,-200.0,241.0
C0113,2026-05-19 08:23:36,O02065,EARN,184,425.0
C0063,2026-05-19 10:12:40,O02069,REDEEM,-200.0,174.0
C0063,2026-05-19 10:12:41,O02069,EARN,99,273.0
C0143,2026-05-19 13:37:54,O02075,EARN,300,911.0
C0139,2026-05-19 14:06:26,O02029,EARN,72,719.0
C0021,2026-05-19 20:36:06,O02063,EARN,233,3886.0
C0105,2026-05-20 08:08:53,O02022,EARN,185,615.0
C0166,2026-05-20 14:09:40,O02033,EARN,456,456.0
C0170,2026-05-20 16:23:41,O02079,REDEEM,-100.0,273.0
C0170,2026-05-20 16:23:42,O02079,EARN,200,473.0
C0087,2026-05-21 11:36:11,O02083,REDEEM,-200.0,1728.0
C0087,2026-05-21 11:36:12,O02083,EARN,108,1836.0
C0148,2026-05-22 08:05:25,O02039,EARN,189,410.0
C0034,2026-05-22 17:22:42,O02092,EARN,169,562.0
C0115,2026-05-22 19:52:30,O02028,EARN,214,267.0
C0049,2026-05-23 08:09:08,O02038,EARN,548,2134.0
C0172,2026-05-23 10:01:43,O02049,EARN,197,414.0
C0053,2026-05-23 19:25:58,O02087,EARN,162,413.0
C0168,2026-05-23 20:32:29,O02021,EARN,68,346.0
C0054,2026-05-24 14:57:17,O02040,REDEEM,-100.0,499.0
C0054,2026-05-24 14:57:18,O02040,EARN,177,676.0
C0166,2026-05-24 16:31:35,O02060,EARN,336,792.0
C0107,2026-05-24 18:30:34,O02062,EARN,113,1071.0
C0149,2026-05-24 19:40:49,O02094,EARN,96,422.0
C0017,2026-05-25 19:39:41,O02068,EARN,94,2111.0
C0133,2026-05-26 09:23:53,O02077,EARN,253,1764.0
C0007,2026-05-26 13:38:57,O02020,EARN,17,3218.0
C0154,2026-05-27 11:44:37,O02078,EARN,142,417.0
C0039,2026-05-27 14:30:26,O02080,EARN,43,1128.0
C0136,2026-05-27 19:58:48,O02091,EARN,7,455.0
C0165,2026-05-28 08:21:54,O02043,EARN,112,447.0
C0180,2026-05-28 16:03:07,O02061,EARN,288,417.0
C0056,2026-05-28 18:15:27,O02042,EARN,244,1128.0
C0049,2026-05-28 18:20:29,O02050,EARN,55,2189.0
C0178,2026-05-29 19:41:17,O02084,EARN,204,204.0
C0104,2026-05-30 08:25:08,O02048,EARN,147,262.0
C0074,2026-05-30 14:08:52,O02099,REDEEM,-100.0,452.0
C0074,2026-05-30 14:08:53,O02099,EARN,87,539.0
C0062,2026-05-30 17:04:55,O02089,EARN,110,603.0
C0076,2026-05-30 18:43:31,O02044,EARN,39,603.0
C0053,2026-05-31 13:14:33,O02034,EARN,150,563.0
C0025,2026-05-31 14:47:40,O02072,REDEEM,-100.0,618.0
C0025,2026-05-31 14:47:41,O02072,EARN,152,770.0
C0118,2026-06-01 20:22:16,O02187,EARN,118,780.0
C0014,2026-06-02 15:30:49,O02117,EARN,272,2473.0
C0040,2026-06-02 17:14:14,O02195,EARN,73,547.0
C0029,2026-06-02 17:27:03,O02175,EARN,180,1135.0
C0076,2026-06-03 09:23:31,O02180,EARN,411,1014.0
C0046,2026-06-04 11:04:01,O02126,EARN,307,1230.0
C0087,2026-06-05 11:54:28,O02158,EARN,229,2065.0
C0079,2026-06-05 17:26:15,O02130,EARN,294,708.0
C0124,2026-06-05 17:34:58,O02150,REDEEM,-200.0,68.0
C0124,2026-06-05 17:34:59,O02150,EARN,59,127.0
C0068,2026-06-05 19:29:45,O02177,EARN,42,548.0
C0155,2026-06-06 11:05:18,O02140,EARN,149,149.0
C0017,2026-06-06 12:34:13,O02145,EARN,165,2276.0
C0145,2026-06-06 15:27:29,O02104,EARN,75,475.0
C0124,2026-06-08 18:35:58,O02189,EARN,148,275.0
C0120,2026-06-09 09:15:19,O02171,REDEEM,-100.0,543.0
C0120,2026-06-09 09:15:20,O02171,EARN,55,598.0
C0019,2026-06-09 10:44:23,O02111,EARN,269,2158.0
C0060,2026-06-09 18:24:56,O02194,EARN,27,354.0
C0152,2026-06-10 09:32:21,O02118,EARN,169,626.0
C0090,2026-06-10 15:33:06,O02197,EARN,69,1700.0
C0012,2026-06-10 17:53:02,O02179,EARN,79,3591.0
C0093,2026-06-10 19:29:18,O02107,EARN,314,1455.0
C0140,2026-06-11 12:39:25,O02109,EARN,236,338.0
C0005,2026-06-12 08:56:00,O02154,EARN,332,3399.0
C0140,2026-06-12 14:46:20,O02142,EARN,307,645.0
C0010,2026-06-12 20:28:27,O02200,EARN,94,2999.0
C0004,2026-06-12 20:45:48,O02184,EARN,415,5890.0
C0009,2026-06-13 09:51:31,O02155,EARN,250,2967.0
C0073,2026-06-13 11:45:16,O02141,EARN,207,1459.0
C0163,2026-06-13 12:15:24,O02166,EARN,85,85.0
C0166,2026-06-13 12:24:00,O02124,EARN,100,892.0
C0145,2026-06-13 15:55:16,O02193,EARN,274,749.0
C0174,2026-06-14 09:46:04,O02192,EARN,175,436.0
C0015,2026-06-15 14:53:27,O02151,EARN,302,951.0
C0180,2026-06-15 20:30:39,O02119,EARN,172,589.0
C0029,2026-06-17 13:24:32,O02148,EARN,9,1144.0
C0119,2026-06-18 10:47:00,O02183,EARN,51,237.0
C0030,2026-06-18 13:09:25,O02160,EARN,131,2276.0
C0172,2026-06-18 13:55:56,O02116,EARN,297,711.0
C0116,2026-06-18 17:59:32,O02186,EARN,229,735.0
C0042,2026-06-18 19:55:56,O02138,EARN,415,1975.0
C0181,2026-06-19 13:52:32,O02181,EARN,487,487.0
C0038,2026-06-19 16:02:39,O02167,EARN,113,1137.0
C0174,2026-06-19 16:54:02,O02170,EARN,193,629.0
C0174,2026-06-20 15:45:27,O02127,EARN,87,716.0
C0029,2026-06-21 17:56:27,O02136,EARN,145,1289.0
C0003,2026-06-21 18:02:21,O02196,REDEEM,-100.0,2261.0
C0003,2026-06-21 18:02:22,O02196,EARN,177,2438.0
C0195,2026-06-21 20:20:32,O02176,EARN,143,143.0
C0109,2026-06-22 15:59:20,O02153,EARN,97,97.0
C0028,2026-06-23 16:45:13,O02165,EARN,141,1606.0
C0116,2026-06-24 11:20:01,O02128,EARN,106,841.0
C0118,2026-06-25 10:03:50,O02113,EARN,92,872.0
C0103,2026-06-25 10:20:48,O02131,EARN,93,1116.0
C0066,2026-06-25 12:38:31,O02146,EARN,324,1833.0
C0100,2026-06-25 17:00:26,O02168,EARN,264,1218.0
C0107,2026-06-25 17:45:50,O02191,EARN,90,1161.0
C0048,2026-06-25 17:58:00,O02106,EARN,360,1171.0
C0073,2026-06-25 20:19:40,O02174,EARN,168,1627.0
C0177,2026-06-26 08:14:44,O02143,EARN,38,96.0
C0135,2026-06-26 11:17:37,O02123,EARN,201,281.0
C0061,2026-06-26 14:22:34,O02161,EARN,112,933.0
C0197,2026-06-26 18:35:00,O02133,EARN,322,322.0
C0057,2026-06-26 18:48:14,O02114,EARN,81,2234.0
C0177,2026-06-27 11:01:13,O02139,EARN,297,393.0
C0134,2026-06-27 12:32:44,O02122,REDEEM,-100.0,521.0
C0134,2026-06-27 12:32:45,O02122,EARN,46,567.0
C0038,2026-06-27 16:28:25,O02178,EARN,247,1384.0
C0047,2026-06-27 17:33:44,O02152,EARN,75,847.0
C0046,2026-06-28 08:40:54,O02163,REDEEM,-1000.0,230.0
C0046,2026-06-28 08:40:55,O02163,EARN,202,432.0
C0191,2026-06-28 08:53:46,O02108,EARN,183,183.0
C0120,2026-06-28 20:50:28,O02188,EARN,232,830.0
C0017,2026-06-29 13:30:45,O02137,REDEEM,-100.0,2176.0
C0017,2026-06-29 13:30:46,O02137,EARN,172,2348.0
C0080,2026-06-29 17:56:37,O02121,EARN,90,1392.0
C0105,2026-06-29 18:00:29,O02115,EARN,15,630.0
C0024,2026-06-29 20:27:25,O02157,EARN,85,2707.0
C0166,2026-06-30 09:47:01,O02162,EARN,193,1085.0
C0193,2026-06-30 16:53:13,O02173,EARN,134,134.0
